ACTIVITYID,AGREEDBILLRATE,AGREEDPAYRATE,BILLFREQUENCY,BILLRATECURRENCY,CANDIDATEID,COMPANYID,CONTACTID,CORPTOCORP,CURRENCY,DATECREATED,DATEUPDATED,DATEUSERFIELDUPDATED,ENDDATE,FEE,FEE_PERCENT,FEE_TYPE,HIREFLAG,INTERVIEWDATE,INTERVIEWFLAG,INTERVIEW_TIMEZONEID,JOBID,LineofBusiness,Location,PAYFREQUENCY,POSITIONTYPE,PRIMARYSALESID,REJECTDATE,REJECTFLAG,REJECTREASON,ROLEID,STARTDATE,SUBMITTALDATE,SUBMITTALFLAG,StartExclude,TERMINATIONDATE,TERMINATIONREASON,TermExcludeDate,UPDATEDBY_USERID,USERID,VMSStatus,VendorClassification,api_fromDate,api_toDate
20326300,,,,,12232889796616,2474651,20905395,,,2018-02-13 15:17:11.0,2020-11-19 17:16:17.0,2019-01-24 00:05:56.0,,,,,0,2018-02-19 17:00:00.0,1,America/Los_Angeles,10524204,,,,Right to Hire,1104736,2018-02-21 16:30:02.0,1,Other,0,,2018-02-13 18:14:00.0,1,,,,,1108886,1108886,,,2020-11-18,2020-11-19
25051199,,,,,12221876264543,7782163,26853028,,,2019-07-11 14:30:15.0,2020-11-18 11:56:32.0,2019-07-11 14:30:17.0,,,,,0,,0,,12403107,,,,Contract,1096061,2019-07-15 09:25:25.0,1,Candidate off the market,1,,2019-07-11 14:29:00.0,1,,,,,1445402,1445402,,,2020-11-18,2020-11-19
29311417,,,,,11717748022410,4296153,27282106,,,2020-11-16 14:48:35.0,2020-11-18 09:09:58.0,2020-11-16 14:48:38.0,,,,,0,,0,,14087050,,,,Contract,1095672,2020-11-18 09:09:59.0,1,Other,0,,2020-11-16 14:48:00.0,1,,,,,1403411,1403411,,,2020-11-18,2020-11-19
29308982,,,,,12217814113992,4296153,27282106,,,2020-11-16 11:47:52.0,2020-11-18 09:10:48.0,2020-11-16 11:47:55.0,,,,,0,,0,,14087050,,,,Contract,1095672,2020-11-18 09:10:49.0,1,Other,0,,2020-11-16 11:47:00.0,1,,,,,1403411,1403411,,,2020-11-18,2020-11-19
29304234,,,,,7032852715506,4754855,32729670,,,2020-11-13 16:41:28.0,2020-11-18 10:53:25.0,2020-11-13 16:41:29.0,,,,,0,2020-11-16 14:00:00.0,1,America/New_York,14012455,,,,Contract,1452961,2020-11-18 10:53:26.0,1,Other,0,,,0,,,,,1403411,1403411,,,2020-11-18,2020-11-19
29307428,,,,,119760733502,4754855,32729670,,,2020-11-16 08:53:59.0,2020-11-18 10:55:06.0,2020-11-16 08:54:00.0,,,,,0,2020-11-17 13:00:00.0,1,America/New_York,14012455,,,,Contract,1452961,2020-11-18 10:55:06.0,1,Other,0,,,0,,,,,1403411,1403411,,,2020-11-18,2020-11-19
29087042,,,,,8738045855142,2198273,15552970,,,2020-10-21 19:19:45.0,2020-11-18 11:13:18.0,2020-10-21 19:19:46.0,,,,,0,,0,,13929257,,,,Contract,1095841,2020-11-18 11:13:19.0,1,Position closed - No feedback on Candidate from Client,1,,2020-10-21 19:19:00.0,1,,,,,1470052,1470052,,,2020-11-18,2020-11-19
29326267,,,,,12197219954070,0,32758416,,,2020-11-17 18:06:45.0,2020-11-18 13:26:49.0,2020-11-17 18:06:47.0,,,,,0,,0,,14097455,,,,Contract,1416848,2020-11-18 13:26:51.0,1,Candidate withdraw,0,,2020-11-17 18:06:00.0,1,,,,,1169137,1169137,,,2020-11-18,2020-11-19
29089671,,,,,8541310964616,2369151,15753508,,,2020-10-22 09:42:34.0,2020-11-18 13:44:07.0,2020-10-22 09:42:35.0,,,,,0,,0,,13979603,,,,Contract,1104736,2020-11-18 13:44:09.0,1,Skills not a match for applied position,1,,2020-10-22 09:42:00.0,1,,,,,1395257,1440064,,,2020-11-18,2020-11-19
29293833,,,,,4614362635034,2190650,33108917,,,2020-11-12 15:44:28.0,2020-11-18 13:49:51.0,2020-11-12 15:44:30.0,,,,,0,2020-11-18 12:00:00.0,1,America/Los_Angeles,14079863,,,,Contract,1394820,2020-11-18 13:49:53.0,1,Poor Communications,0,,2020-11-12 15:43:00.0,1,,,,,1460631,1460631,,,2020-11-18,2020-11-19
29198674,,,,,9945000324099,2198273,15552970,,,2020-11-04 15:16:04.0,2020-11-18 14:18:32.0,2020-11-04 15:16:07.0,,,,,0,,0,,14029836,,,,Contract,1095841,2020-11-18 14:18:32.0,1,Skills Not Strong Enough,1,,2020-11-04 15:15:00.0,1,,,,,1409440,1409440,,,2020-11-18,2020-11-19
29215254,,,,,4812349695974,2198273,15552970,,,2020-11-05 20:47:10.0,2020-11-18 14:19:40.0,2020-11-05 20:47:12.0,,,,,0,,0,,14029836,,,,Contract,1095841,2020-11-18 14:19:40.0,1,Skills Not Strong Enough,1,,2020-11-05 20:45:00.0,1,,,,,1409440,1409440,,,2020-11-18,2020-11-19
29243340,,,,,573162630440,7871993,33003570,,,2020-11-10 14:38:58.0,2020-11-18 17:03:51.0,2020-11-12 12:59:44.0,,,,,0,2020-11-17 13:00:00.0,1,America/Chicago,13858449,,,,Right to Hire,1441704,2020-11-18 17:03:51.0,1,Skills Not Strong Enough,0,,2020-11-10 14:38:00.0,1,,,,,1424008,1424008,,,2020-11-18,2020-11-19
29300270,,,,,10673478934960,7342040,31040498,,,2020-11-13 11:21:42.0,2020-11-18 17:14:29.0,2020-11-17 17:49:20.0,,,,,0,2020-11-18 12:00:00.0,1,America/Chicago,13827946,,,,Direct Placement,1406154,2020-11-18 17:14:30.0,1,Skills Not Strong Enough,0,,2020-11-13 10:50:00.0,1,,,,,1445402,1445402,,,2020-11-18,2020-11-19
29093438,,,,,11942277194365,2718906,32028341,,,2020-10-22 14:26:12.0,2020-11-18 19:41:06.0,2020-10-22 14:26:14.0,,,,,0,2020-10-29 15:30:00.0,1,America/Los_Angeles,13977471,,,,Contract,1095841,2020-11-18 19:41:07.0,1,Other,1,,2020-10-22 14:25:00.0,1,,,,,1456117,1456117,,,2020-11-18,2020-11-19
29338374,,,,,12094908626710,6802475,33049389,,,2020-11-18 18:06:12.0,2020-11-19 09:42:28.0,2020-11-18 18:06:13.0,,,,,0,,0,,14101466,,,,Direct Placement,1406154,2020-11-19 09:42:29.0,1,Client has prior knowledge,0,,2020-11-18 18:05:00.0,1,,,,,1406154,1424008,,,2020-11-18,2020-11-19
28863937,,,,,7711390972705,2369151,15753508,,,2020-09-24 20:39:04.0,2020-11-19 09:46:31.0,2020-09-24 20:39:06.0,,,,,0,,0,,13864428,,,,Contract,1104736,2020-11-19 09:46:31.0,1,Skills not a match for applied position,1,,2020-09-24 20:38:00.0,1,,,,,1395257,1095849,,,2020-11-18,2020-11-19
28839595,,,,,3631057793856,2369151,15753508,,,2020-09-22 19:27:02.0,2020-11-19 09:48:05.0,2020-09-22 19:27:04.0,,,,,0,,0,,13864428,,,,Contract,1104736,2020-11-19 09:48:07.0,1,Skills not a match for applied position,1,,2020-09-22 19:26:00.0,1,,,,,1395257,1095849,,,2020-11-18,2020-11-19
29313490,,,,,11845378141744,4296153,27282106,,,2020-11-16 16:57:35.0,2020-11-19 09:48:44.0,2020-11-16 16:57:36.0,,,,,0,,0,,14087068,,,,Contract,1095672,2020-11-19 09:48:45.0,1,Other,0,,2020-11-16 16:57:00.0,1,,,,,1403411,1403411,,,2020-11-18,2020-11-19
29277924,,,,,12091086753344,5063290,12079168,,,2020-11-11 09:37:31.0,2020-11-19 10:01:47.0,2020-11-11 09:37:33.0,,,,,0,2020-11-13 15:00:00.0,1,America/New_York,14049365,,,,Right to Hire,1095672,2020-11-19 10:01:47.0,1,Other,0,,2020-11-11 09:36:00.0,1,,,,,1403411,1403411,,,2020-11-18,2020-11-19
29232545,,,,,9868859913425,2369151,15753508,,,2020-11-09 15:17:08.0,2020-11-19 10:20:30.0,2020-11-09 15:17:10.0,,,,,0,,0,,14039248,,,,Contract,1104736,2020-11-19 10:20:32.0,1,Skills Not Strong Enough,1,,2020-11-09 15:15:00.0,1,,,,,1395257,1460745,,,2020-11-18,2020-11-19
28984453,,,,,11959160364436,2369151,33067382,,,2020-10-09 12:56:30.0,2020-11-19 10:51:45.0,2020-10-09 12:56:31.0,,,,,0,,0,,13930593,,,,Contract,1104736,2020-11-19 10:51:46.0,1,Other,1,,2020-10-09 12:55:00.0,1,,,,,1403411,1403411,,,2020-11-18,2020-11-19
29231866,,,,,5535163032962,2198273,20854498,,,2020-11-09 14:33:11.0,2020-11-19 11:33:44.0,2020-11-09 14:33:13.0,,,,,0,2020-11-18 15:00:00.0,1,America/Chicago,14011464,,,,Contract,1095841,2020-11-19 11:33:46.0,1,Skills Not Strong Enough,0,,2020-11-09 14:32:00.0,1,,,,,1470277,1470277,,,2020-11-18,2020-11-19
29306197,,,,,9845657555198,2198273,25725531,,,2020-11-13 20:00:23.0,2020-11-19 12:01:45.0,2020-11-13 20:00:24.0,,,,,0,,0,,14040785,,,,Contract,1095841,2020-11-19 12:01:46.0,1,Skills not a match for applied position,1,,2020-11-13 19:59:00.0,1,,,,,1470052,1470052,,,2020-11-18,2020-11-19
29310926,,,,,5115701717678,2198273,25725531,,,2020-11-16 14:17:17.0,2020-11-19 12:16:56.0,2020-11-16 14:17:18.0,,,,,0,,0,,14040785,,,,Contract,1095841,2020-11-19 12:16:57.0,1,Not a local candidate,1,,2020-11-16 14:16:00.0,1,,,,,1470052,1470052,,,2020-11-18,2020-11-19
29280222,,,,,11235436652790,2198273,25725531,,,2020-11-11 12:40:47.0,2020-11-19 12:18:40.0,2020-11-11 12:40:48.0,,,,,0,,0,,14040785,,,,Contract,1095841,2020-11-19 12:18:09.0,1,Not a local candidate,1,,2020-11-11 12:40:00.0,1,,,,,1470052,1470052,,,2020-11-18,2020-11-19
29225043,,,,,1720342961296,7221378,26475655,,,2020-11-06 18:21:30.0,2020-11-19 12:45:30.0,2020-11-06 18:21:32.0,,,,,0,2020-11-17 13:00:00.0,1,America/Los_Angeles,14045313,,,,Contract,1095869,2020-11-19 12:45:31.0,1,Other,0,,2020-11-06 18:20:00.0,1,,,,,1095869,1169137,,,2020-11-18,2020-11-19
29248705,,,,,3221411340140,7221378,26475655,,,2020-11-10 19:22:16.0,2020-11-19 12:58:04.0,2020-11-10 19:22:18.0,,,,,0,,0,,14045313,,,,Contract,1095869,2020-11-19 12:58:06.0,1,Other,0,,2020-11-10 19:21:00.0,1,,,,,1095869,1169137,,,2020-11-18,2020-11-19
29279627,,,,,1140701185780,7221378,26475655,,,2020-11-11 11:55:54.0,2020-11-19 12:59:56.0,2020-11-11 11:55:55.0,,,,,0,,0,,14045313,,,,Contract,1095869,2020-11-19 12:59:57.0,1,Other,0,,2020-11-11 11:44:00.0,1,,,,,1095869,1169137,,,2020-11-18,2020-11-19
28815678,,,,,3999243736047,2198273,15552970,,,2020-09-18 20:21:44.0,2020-11-19 13:40:15.0,2020-09-18 20:21:45.0,,,,,0,,0,,13768835,,,,Contract,1095841,2020-11-19 13:40:17.0,1,Other,1,,2020-09-18 20:21:00.0,1,,,,,1455994,1455994,,,2020-11-18,2020-11-19
28612421,,,,,9775006962170,2198273,15552970,,,2020-08-25 13:30:01.0,2020-11-19 13:40:33.0,2020-08-25 13:30:02.0,,,,,0,,0,,13768835,,,,Contract,1095841,2020-11-19 13:40:35.0,1,Other,1,,2020-08-25 13:29:00.0,1,,,,,1455994,1455994,,,2020-11-18,2020-11-19
29308694,,,,,179915282986,2198273,15552970,,,2020-11-16 11:19:16.0,2020-11-19 14:33:19.0,2020-11-16 11:19:17.0,,,,,0,,0,,13755807,,,,Contract,1095841,2020-11-19 14:33:21.0,1,Client has prior knowledge,0,,2020-11-16 11:16:00.0,1,,,,,1455994,1455994,,,2020-11-18,2020-11-19
29281454,,,,,135517868340,2718906,31964251,,,2020-11-11 14:03:40.0,2020-11-19 15:04:54.0,2020-11-11 14:03:43.0,,,,,0,2020-11-23 18:00:00.0,1,America/Los_Angeles,14031231,,,,Contract,1095841,2020-11-19 15:04:56.0,1,Other,0,,2020-11-11 14:02:00.0,1,,,,,1456117,1456117,,,2020-11-18,2020-11-19
29093297,,,,,1290046170041,2718906,32028341,,,2020-10-22 14:17:35.0,2020-11-19 15:07:14.0,2020-10-22 14:17:37.0,,,,,0,,0,,13981381,,,,Contract,1095841,2020-11-19 15:07:16.0,1,Other,0,,2020-10-22 14:07:00.0,1,,,,,1456117,1456117,,,2020-11-18,2020-11-19
29334705,,,,,1142127982997,2190148,33199098,,,2020-11-18 15:21:11.0,2020-11-19 16:18:26.0,2020-11-18 15:21:13.0,,,,,0,,0,,14100599,,,,Direct Placement,1096061,2020-11-19 16:18:29.0,1,Bill Rate Exceeds Budget,0,,2020-11-18 15:20:00.0,1,,,,,1419821,1419821,,,2020-11-18,2020-11-19
28542344,,,,,11933064625525,4754855,21560816,,,2020-08-17 10:23:48.0,2020-11-19 16:20:41.0,2020-08-17 10:23:49.0,,,,,0,2020-09-16 13:30:00.0,1,America/New_York,13747222,,,,Direct Placement,1452961,2020-11-19 16:20:44.0,1,Other,0,,2020-08-17 10:23:00.0,1,,,,,1403411,1403411,,,2020-11-18,2020-11-19
28543559,,,,,10470058329640,4754855,21560816,,,2020-08-17 12:00:24.0,2020-11-19 16:21:16.0,2020-08-17 12:00:26.0,,,,,0,2020-09-17 11:30:00.0,1,America/New_York,13747222,,,,Direct Placement,1452961,2020-11-19 16:21:19.0,1,Other,0,,2020-08-17 11:59:00.0,1,,,,,1403411,1403411,,,2020-11-18,2020-11-19
28546046,,,,,4396455359983,4754855,21560816,,,2020-08-17 14:56:35.0,2020-11-19 16:21:47.0,2020-08-17 14:56:36.0,,,,,0,2020-09-17 11:00:00.0,1,America/New_York,13747222,,,,Direct Placement,1452961,2020-11-19 16:21:50.0,1,Other,0,,2020-08-17 14:56:00.0,1,,,,,1403411,1403411,,,2020-11-18,2020-11-19
28588582,,,,,756907347185,4754855,21560816,,,2020-08-21 10:55:40.0,2020-11-19 16:22:53.0,2020-08-21 10:55:42.0,,,,,0,,0,,13747222,,,,Direct Placement,1452961,2020-11-19 16:22:55.0,1,Candidate off the market,0,,2020-08-21 10:53:00.0,1,,,,,1403411,1403411,,,2020-11-18,2020-11-19
29314766,,,,,1593224,2189341,28275189,,,2020-11-16 17:59:37.0,2020-11-19 17:10:48.0,2020-11-16 17:59:39.0,,,,,0,,0,,14090985,,,,Contract,1095869,2020-11-19 17:10:50.0,1,Other,0,,2020-11-16 17:58:00.0,1,,,,,1460631,1460631,,,2020-11-18,2020-11-19
29313878,,,,,7043738756728,2369151,31423690,,,2020-11-16 17:20:29.0,2020-11-19 18:15:19.0,2020-11-16 17:20:31.0,,,,,0,2020-11-18 17:00:00.0,1,America/New_York,14022460,,,,Direct Placement,1104736,2020-11-19 18:15:20.0,1,Other,0,,2020-11-16 17:19:00.0,1,,,,,1403411,1403411,,,2020-11-18,2020-11-19
29206582,,,,,8812995248116,2718906,31964251,,,2020-11-05 11:13:39.0,2020-11-19 22:23:42.0,2020-11-05 11:13:41.0,,,,,0,2020-11-17 15:00:00.0,1,America/Los_Angeles,14031231,,,,Contract,1095841,2020-11-19 22:23:43.0,1,Other,0,,2020-11-05 11:11:00.0,1,,,,,1456117,1456117,,,2020-11-18,2020-11-19
11967929,85,60,Hourly,USD,613547755901,4805414,9299701,1,USD,2015-06-30 16:43:53.0,2020-11-18 18:16:38.0,2019-04-25 17:02:12.0,2020-12-31 19:00:00.0,,,,1,2015-07-01 15:00:00.0,1,America/New_York,6971450,IT,Nation,Hourly,Contract,1133886,,0,,0,2015-07-13 08:00:00.0,,0,,2020-11-15 00:00:00.0,Ineligible for Redeployment,,1395257,1354996,,Subcontractor,2020-11-18,2020-11-19
18235330,113.5,80,Hourly,USD,3370375481929,2719110,20631352,0,USD,2017-04-03 12:50:05.0,2020-11-19 16:41:57.0,2018-12-10 12:28:45.0,2017-09-29 19:00:00.0,,,,1,2017-04-03 19:30:00.0,1,America/Los_Angeles,9618182,IT,HB-CA,Hourly,Contract,1369678,,0,,0,2017-04-19 09:00:00.0,2017-04-03 12:49:00.0,1,,2017-09-29 00:00:00.0,Eligible for Redeployment,,1408252,1095848,,,2020-11-18,2020-11-19
4590664,85,63,Hourly,USD,3728771722583,2499053,5211333,0,USD,2011-09-29 15:24:03.0,2020-11-18 12:04:01.0,2018-12-10 12:28:43.0,2016-08-19 19:00:00.0,,,,1,,0,,3401890,IT,HOUST,Hourly,,1096061,,0,,0,2011-09-26 08:00:00.0,2011-09-26 00:00:00.0,1,,2016-08-19 00:00:00.0,Hired by Company,,1096546,1096063,,,2020-11-18,2020-11-19
5242307,0,0,,USD,2163822,2719046,6147009,0,USD,2012-06-13 10:09:10.0,2020-11-18 15:59:25.0,,2012-06-29 00:00:00.0,,,,1,,0,,3707991,,,Hourly,,1096039,,0,,0,2012-06-29 08:00:35.0,2012-06-29 11:01:35.0,1,,2012-06-29 00:00:00.0,Unspecified-System Cleanup,,1096039,1096039,,,2020-11-18,2020-11-19
18359279,60,45,Hourly,USD,8028992374872,4805414,20537364,0,USD,2017-04-21 09:36:24.0,2020-11-18 18:28:25.0,2019-11-21 16:58:35.0,2020-11-15 20:00:00.0,,,,1,2017-04-21 09:00:00.0,1,America/Chicago,9589808,IT,Nation,Hourly,Contract,1133886,,0,,0,2017-05-22 09:00:00.0,2017-04-21 09:00:00.0,1,,2020-11-15 00:00:00.0,Ineligible for Redeployment,,1406388,1150340,,Subcontractor,2020-11-18,2020-11-19
26266413,55,45000,Hourly,USD,9703352284323,2187354,24365317,0,USD,2019-11-19 12:42:28.0,2020-11-18 18:00:21.0,2019-11-27 14:42:34.0,2021-04-30 20:00:00.0,,,,1,,0,,12770160,T-PATH,HOUST,Yearly,Right to Hire,1446533,,0,,0,2019-11-20 09:00:00.0,2019-11-19 12:41:00.0,1,,,,,1459897,1445402,,,2020-11-18,2020-11-19
26245803,106.27,85,Hourly,USD,2955405661028,2189039,23636138,1,USD,2019-11-15 16:05:54.0,2020-11-18 17:05:24.0,2020-03-31 13:15:34.0,2021-03-15 20:00:00.0,,,,1,2019-11-25 17:00:00.0,1,America/Chicago,12882851,IT,HOUST,Hourly,Contract,1418854,,0,,1,2019-12-16 09:00:00.0,2019-11-15 16:04:00.0,1,,,,,1460761,1445402,,Independent Contractor,2020-11-18,2020-11-19
22025559,113,75,Hourly,USD,8084535369054,2198273,20854498,0,USD,2018-08-23 19:06:20.0,2020-11-19 11:52:56.0,2019-01-25 11:06:45.0,2020-12-24 20:00:00.0,,,,1,2018-08-23 18:00:00.0,1,America/Los_Angeles,10866749,IT,HB-CA,Hourly,Contract,1095841,,0,,1,2018-09-21 09:00:00.0,,0,,2020-12-31 00:00:00.0,Eligible for Redeployment,,1411444,1169137,,,2020-11-18,2020-11-19
24115157,30.75,22,Hourly,USD,4481428919095,2369151,26735604,0,USD,2019-03-28 10:49:58.0,2020-11-18 11:01:16.0,2020-11-18 11:01:16.0,2020-12-31 20:00:00.0,,,,1,2019-03-29 14:00:00.0,1,America/Chicago,11949051,IT,ATL,Hourly,Contract,1104736,,0,,1,2019-05-02 09:00:00.0,,0,,,,,1395257,1422044,,,2020-11-18,2020-11-19
7919335,83.3,48.07,Hourly,USD,2844925511294,2542651,5894699,0,USD,2014-07-16 13:37:23.0,2020-11-18 16:57:52.0,2016-12-15 14:28:16.0,,,,,1,2014-07-17 17:00:00.0,1,America/New_York,5795779,,,Hourly,Right to Hire,1182038,,0,,0,2014-08-25 08:00:00.0,2014-07-16 13:40:00.0,1,,2014-12-12 00:00:00.0,Hired by Company,,1095704,1169137,,,2020-11-18,2020-11-19
20326230,,,,,12232889796616,2196593,5366799,,,2018-02-13 15:14:10.0,2020-11-19 17:16:17.0,2019-01-24 00:05:56.0,,,,,0,,0,,10524204,,,,Right to Hire,1104736,,0,,996,,,0,,,,,1108886,1108886,,,2020-11-18,2020-11-19
25322326,87,58,Hourly,USD,10720649529386,2190650,25717557,1,USD,2019-08-08 12:50:18.0,2020-11-18 18:15:07.0,2020-01-10 15:00:08.0,2020-11-25 20:00:00.0,,,,1,2019-08-12 14:00:00.0,1,America/Los_Angeles,12472094,IT,HB-CA,Hourly,Contract,1394820,,0,,0,2019-09-03 09:00:00.0,2019-08-08 12:49:00.0,1,,2020-11-25 00:00:00.0,Eligible for Redeployment,,1406388,1169137,,Subcontractor,2020-11-18,2020-11-19
15275022,87,55,Hourly,USD,750762930123,2190128,16012202,0,USD,2016-05-23 18:09:09.0,2020-11-18 14:07:51.0,2018-12-10 12:28:44.0,2016-07-05 20:00:00.0,,,,1,2016-05-26 13:00:00.0,1,America/Chicago,8472626,IT,HOUST,Yearly,Contract,1362163,,0,,0,2016-05-31 09:00:00.0,2016-05-23 18:06:00.0,1,,2016-07-05 00:00:00.0,Ineligible for Redeployment,,1095960,1387712,,,2020-11-18,2020-11-19
20503830,,,,,12232889796616,5575645,15565496,,,2018-03-02 10:55:48.0,2020-11-19 17:16:17.0,2019-01-24 00:05:56.0,,,,,0,,0,,10575888,,,,Contract,1371912,,0,,0,,2018-03-02 13:55:00.0,1,,,,,1108886,1108886,,,2020-11-18,2020-11-19
25488213,62.88,45,Hourly,USD,160926964263,2369151,26740778,0,USD,2019-08-26 13:21:37.0,2020-11-18 18:24:48.0,2019-11-21 16:58:40.0,2020-11-21 20:00:00.0,,,,1,2019-08-29 09:00:00.0,1,America/New_York,12574766,IT,ATL,Hourly,Contract,1104736,,0,,1,2019-09-23 09:00:00.0,2019-08-26 13:19:00.0,1,,2020-11-18 00:00:00.0,Hired by Company,,1406388,1443242,,,2020-11-18,2020-11-19
25982768,,,,,12221876264543,7782163,26853028,,,2019-10-16 17:57:00.0,2020-11-18 11:56:32.0,2019-10-16 17:57:02.0,,,,,0,,0,,12689230,,,,Contract,1096061,,0,,1,,2019-10-16 17:56:00.0,1,,,,,1424112,1424112,,,2020-11-18,2020-11-19
21783485,42.75,27.5,Hourly,USD,1720342961296,4689097,21441273,0,USD,2018-08-02 12:15:56.0,2020-11-19 12:45:30.0,2018-12-10 12:28:46.0,2018-11-10 20:00:00.0,,,,1,2018-08-02 15:00:00.0,1,America/Los_Angeles,11000652,IT,SAC-CA,Hourly,Contract,1095869,,0,,0,2018-10-08 09:00:00.0,,0,,2018-11-10 00:00:00.0,Eligible for Redeployment,,1425983,1095845,,,2020-11-18,2020-11-19
24539136,35.07,26,Hourly,USD,2839444532414,2369151,26850895,0,USD,2019-05-14 17:38:03.0,2020-11-18 14:15:40.0,2019-11-21 16:58:39.0,2020-11-30 20:00:00.0,,,,1,2019-05-15 11:30:00.0,1,America/Chicago,12087242,IT,ATL,Hourly,Contract,1104736,,0,,1,2019-06-17 09:00:00.0,,0,,2020-11-21 00:00:00.0,Hired by Company,,1395257,1422044,,,2020-11-18,2020-11-19
26601619,120,90,Hourly,USD,313138077713,2488635,5806428,0,USD,2020-01-09 12:27:58.0,2020-11-18 15:23:11.0,2020-01-22 14:36:12.0,2021-09-30 20:00:00.0,,,,1,2020-01-14 16:00:00.0,1,America/Chicago,12853445,IT,HOUST,Yearly,Contract,1361364,,0,,0,2020-01-20 09:00:00.0,2020-01-09 12:27:00.0,1,,,,,1460761,1380008,,,2020-11-18,2020-11-19
26684878,70,47,Hourly,USD,11087326066858,2198273,25725531,0,USD,2020-01-17 14:26:39.0,2020-11-18 18:00:17.0,2020-01-29 11:52:09.0,2020-11-13 19:00:00.0,,,,1,2020-01-17 16:00:00.0,1,America/Los_Angeles,12955393,IT,HB-CA,Hourly,Contract,1095841,,0,,1,2020-01-30 09:00:00.0,,0,,2020-11-20 00:00:00.0,Eligible for Redeployment,,1406388,1455994,,,2020-11-18,2020-11-19
27300914,,,,,12221876264543,7782163,26853028,,,2020-03-25 13:48:03.0,2020-11-18 11:56:32.0,2020-03-25 13:48:04.0,,,,,0,,0,,13289978,,,,Contract,1096061,,0,,0,,2020-03-25 13:46:00.0,1,,,,,1424112,1424112,,,2020-11-18,2020-11-19
27609584,93,62,Hourly,USD,4916227763758,2193702,30800990,0,USD,2020-04-29 18:02:33.0,2020-11-18 14:12:35.0,2020-05-15 10:33:54.0,2020-11-27 20:00:00.0,,,,1,2020-05-04 14:00:00.0,1,America/Chicago,13409586,IT,HOUST,Hourly,Right to Hire,1096061,,0,,0,2020-05-13 09:00:00.0,,0,,2020-11-29 00:00:00.0,Hired by Company,,1408252,1419821,,,2020-11-18,2020-11-19
28146817,,,,,12221876264543,2484802,32230168,,,2020-06-26 13:25:12.0,2020-11-18 11:56:32.0,2020-06-26 13:25:13.0,,,,,0,,0,,13556140,,,,Contract,1361364,,0,,0,,2020-06-26 13:24:00.0,1,,,,,1445402,1445402,,,2020-11-18,2020-11-19
28239417,75,55,Hourly,USD,211544537157,2485118,28106368,0,USD,2020-07-08 12:52:20.0,2020-11-18 18:18:23.0,2020-08-12 10:24:30.0,2021-09-30 20:00:00.0,,,,1,2020-07-14 11:00:00.0,1,America/New_York,13413316,IT,Dallas,Hourly,Contract,1416294,,0,,0,2020-08-10 09:00:00.0,,0,,2020-11-13 00:00:00.0,Eligible for Redeployment,,1460761,1440691,,Independent Contractor,2020-11-18,2020-11-19
28488326,35,22,Hourly,USD,11881259038713,2195092,32851714,0,USD,2020-08-10 12:43:04.0,2020-11-19 11:42:56.0,2020-08-14 17:05:39.0,2020-12-11 20:00:00.0,,,,1,,0,,13728648,IT,HOUST,Hourly,Contract,1424113,,0,,0,2020-08-13 09:00:00.0,2020-08-10 12:42:00.0,1,,,,,1460761,1419821,,,2020-11-18,2020-11-19
28492787,35,23.5,Hourly,USD,11837239273160,2195092,32851714,0,USD,2020-08-10 17:33:39.0,2020-11-19 11:43:36.0,2020-09-16 18:15:52.0,2020-12-11 20:00:00.0,,,,1,,0,,13728648,IT,HOUST,Hourly,Contract,1424113,,0,,0,2020-08-13 09:00:00.0,2020-08-10 17:32:00.0,1,,,,,1460761,1443242,,,2020-11-18,2020-11-19
29320398,,,,,107028680351,2198273,20854498,,,2020-11-17 12:44:21.0,2020-11-18 13:26:22.0,2020-11-17 12:44:24.0,,,,,0,2020-11-20 16:00:00.0,1,America/Los_Angeles,14091054,,,,Contract,1095841,,0,,0,,2020-11-17 12:44:00.0,1,,,,,1169137,1169137,,,2020-11-18,2020-11-19
28623057,63,45.84,Hourly,USD,380766623626,2369151,32824143,0,USD,2020-08-26 12:16:33.0,2020-11-19 09:41:06.0,2020-11-16 09:35:10.0,2021-11-16 20:00:00.0,,,,1,2020-09-25 11:00:00.0,1,America/New_York,13781371,IT,ATL,Hourly,Contract,1104736,,0,,1,2020-11-19 09:00:00.0,2020-08-26 12:16:00.0,1,,,,,1096112,1108886,,,2020-11-18,2020-11-19
28623895,88.5,60,Hourly,USD,2656431649870,7920646,21009692,0,USD,2020-08-26 13:16:07.0,2020-11-18 14:13:23.0,2020-09-16 18:27:42.0,2021-01-08 20:00:00.0,,,,1,2020-08-28 15:00:00.0,1,America/Chicago,13716807,IT,Austin,Hourly,Contract,1406154,,0,,0,2020-09-14 09:00:00.0,,0,,2020-11-17 00:00:00.0,Eligible for Redeployment,,1096112,1095632,,,2020-11-18,2020-11-19
28788370,30,20,Hourly,USD,11317965296715,2198273,15552970,0,USD,2020-09-16 16:11:28.0,2020-11-19 15:32:14.0,2020-11-19 15:32:14.0,2020-12-11 20:00:00.0,,,,1,2020-11-13 15:30:00.0,1,America/Los_Angeles,13840285,IT,HB-CA,Hourly,Contract,1095841,,0,,1,2020-11-30 09:00:00.0,2020-09-16 16:10:00.0,1,,,,,1459897,1422281,,,2020-11-18,2020-11-19
29333077,,,,,5178904266809,2192962,32693992,,,2020-11-18 13:44:32.0,2020-11-18 13:45:30.0,2020-11-18 13:44:33.0,,,,,0,,0,,13827716,,,,Contract,1096061,,0,,0,,2020-11-18 13:44:00.0,1,,,,,1095632,1095632,,,2020-11-18,2020-11-19
28823512,,,,,11932953699748,2198273,25725531,,,2020-09-21 16:16:51.0,2020-11-19 00:41:38.0,2020-11-19 00:41:36.0,,,,,0,2020-11-20 11:30:00.0,1,America/Los_Angeles,13839552,,,,Contract,1095841,,0,,1,,2020-09-21 16:16:00.0,1,,,,,1443218,1443218,,,2020-11-18,2020-11-19
29351528,,,,,12227534362230,2198273,25725531,,,2020-11-19 20:08:44.0,2020-11-19 20:09:39.0,2020-11-19 20:08:45.0,,,,,0,,0,,14091086,,,,Contract,1095841,,0,,0,,2020-11-19 20:07:00.0,1,,,,,1095849,1095849,,,2020-11-18,2020-11-19
28976901,80,53,Hourly,USD,9806396379598,2198273,15552970,0,USD,2020-10-08 17:28:33.0,2020-11-18 11:55:19.0,2020-11-18 11:55:19.0,2021-03-31 20:00:00.0,,,,1,2020-10-23 16:30:00.0,1,America/Los_Angeles,13929880,IT,HB-CA,Hourly,Contract,1095841,,0,,0,2020-11-16 09:00:00.0,2020-10-08 17:27:00.0,1,,,,,1096112,1409440,,,2020-11-18,2020-11-19
29089456,106.88,75,Hourly,USD,5701980259315,7916697,32731841,1,USD,2020-10-22 09:23:35.0,2020-11-18 15:21:51.0,2020-11-16 14:27:50.0,2021-11-08 20:00:00.0,,,,1,2020-10-23 14:00:00.0,1,America/Chicago,13976928,IT,HOUST,Hourly,Contract,1446533,,0,,0,2020-11-17 09:00:00.0,2020-10-22 09:22:00.0,1,,,,,1096112,1445402,,,2020-11-18,2020-11-19
28915686,105,75,Hourly,USD,1794069487570,6901529,31991410,0,USD,2020-10-01 14:04:02.0,2020-11-18 15:16:38.0,2020-11-12 13:53:41.0,2021-04-30 20:00:00.0,,,,1,,0,,13904002,IT,ATL,Hourly,Contract,1104736,,0,,0,2020-11-03 09:00:00.0,2020-10-01 14:02:00.0,1,,,,,1096112,1104736,,Independent Contractor,2020-11-18,2020-11-19
28999648,109.96,80,Hourly,USD,2305149,2369151,15753508,0,USD,2020-10-12 17:33:27.0,2020-11-19 12:17:33.0,2020-11-19 12:17:33.0,2021-12-14 20:00:00.0,,,,1,2020-11-06 15:00:00.0,1,America/New_York,13941648,IT,ATL,Hourly,Contract,1104736,,0,,1,2020-12-14 09:00:00.0,2020-10-12 17:33:00.0,1,,,,,1408252,1108886,,,2020-11-18,2020-11-19
29331584,,,,,2225691513939,2193702,28622801,,,2020-11-18 12:07:00.0,2020-11-18 12:07:49.0,2020-11-18 12:07:02.0,,,,,0,2020-11-19 15:00:00.0,1,America/Chicago,13989797,,,,Direct Placement,1096061,,0,,0,,,0,,,,,1424008,1424008,,,2020-11-18,2020-11-19
29069962,94,65,Hourly,USD,8960640769062,2198273,30843332,0,USD,2020-10-20 15:35:50.0,2020-11-19 18:25:58.0,2020-11-19 18:25:58.0,2021-05-14 20:00:00.0,,,,1,2020-10-21 12:30:00.0,1,America/Los_Angeles,13924287,IT,HB-CA,Hourly,Contract,1095841,,0,,0,2020-11-16 09:00:00.0,,0,,,,,1459897,1169137,,,2020-11-18,2020-11-19
29097042,106.88,75,Hourly,USD,5993788912782,7916697,32731841,0,USD,2020-10-22 17:44:18.0,2020-11-19 13:00:37.0,2020-11-19 13:00:37.0,2021-11-08 20:00:00.0,,,,1,2020-10-23 09:30:00.0,1,America/Chicago,13976928,IT,HOUST,Hourly,Contract,1446533,,0,,0,2020-11-16 09:00:00.0,,0,,,,,1096112,1251538,,,2020-11-18,2020-11-19
29137661,46,21.63,Hourly,USD,8949222118650,2347051,28388561,0,USD,2020-10-28 11:54:39.0,2020-11-18 15:28:47.0,2020-11-18 15:27:58.0,2022-05-22 20:00:00.0,,,,1,2020-10-29 12:00:00.0,1,America/Chicago,14001059,T-PATH,HOUST,Yearly,Contract,1418854,,0,,1,2020-11-17 09:00:00.0,2020-10-28 11:54:00.0,1,,,,,1096112,1445279,,,2020-11-18,2020-11-19
29113494,130,85,Hourly,USD,5127894777319,2719141,27287370,0,USD,2020-10-26 10:26:51.0,2020-11-19 19:08:34.0,2020-11-19 19:08:34.0,2021-01-29 20:00:00.0,,,,1,,0,,13992611,IT,HOUST,Hourly,Contract,1446533,,0,,0,2020-11-16 09:00:00.0,2020-10-26 10:25:00.0,1,,,,,1406388,1445402,,,2020-11-18,2020-11-19
29113894,81.4,55,Hourly,USD,11586135739587,2347051,11434789,0,USD,2020-10-26 11:02:16.0,2020-11-18 14:48:46.0,2020-11-10 15:13:35.0,2021-12-27 20:00:00.0,,,,1,2020-10-28 14:00:00.0,1,America/Chicago,13885820,IT,HOUST,Hourly,Contract,1418854,,0,,1,2020-11-23 09:00:00.0,,0,,,,,1096112,1380008,,,2020-11-18,2020-11-19
29210947,,,,,1993383379374,7762355,31182713,,,2020-11-05 16:05:05.0,2020-11-19 17:45:24.0,2020-11-05 16:05:07.0,,,,,0,2020-11-23 10:30:00.0,1,America/Chicago,14024839,,,,Right to Hire,1455993,,0,,0,,2020-11-05 16:04:00.0,1,,,,,1457446,1457446,,,2020-11-18,2020-11-19
29150454,,,,,1267485132245,2189039,26872357,,,2020-10-29 12:18:48.0,2020-11-18 14:39:06.0,2020-10-29 12:18:50.0,,,,,0,2020-12-02 14:00:00.0,1,America/Chicago,14006263,,,,Contract,1418854,,0,,1,,2020-10-29 12:18:00.0,1,,,,,1457446,1457446,,,2020-11-18,2020-11-19
29081608,119,86.75,Hourly,USD,2226773774291,6555798,20650370,0,USD,2020-10-21 14:52:15.0,2020-11-19 15:18:53.0,2020-11-19 15:18:53.0,2021-05-07 20:00:00.0,,,,1,2020-10-29 11:00:00.0,1,America/Chicago,13818944,IT,HOUST,Hourly,Contract,1096061,,0,,0,2020-11-04 09:00:00.0,2020-10-21 14:50:00.0,1,,,,,1406388,1095632,,,2020-11-18,2020-11-19
29151610,73,49,Hourly,USD,12069726542737,2198273,25725531,0,USD,2020-10-29 13:42:59.0,2020-11-19 13:40:42.0,2020-11-19 13:40:42.0,2021-08-13 20:00:00.0,,,,1,2020-11-10 10:00:00.0,1,America/Los_Angeles,14010571,IT,HB-CA,Hourly,Contract,1095841,,0,,1,2020-11-20 09:00:00.0,2020-10-29 13:42:00.0,1,,,,,1096112,1443218,,,2020-11-18,2020-11-19
29152657,,,,,5620101575087,7257703,27157335,,,2020-10-29 14:46:25.0,2020-11-19 14:16:51.0,2020-11-19 14:16:51.0,,,,,0,2020-11-24 12:00:00.0,1,America/Los_Angeles,14007552,,,,Contract,1095869,,0,,0,,2020-10-29 14:44:00.0,1,,,,,1095849,1095849,,,2020-11-18,2020-11-19
29154289,,,,,2430588,7871993,33003877,,,2020-10-29 16:22:46.0,2020-11-19 15:59:57.0,2020-11-12 10:33:40.0,,,,,0,2020-11-20 15:00:00.0,1,America/Chicago,14010457,,,,Direct Placement,1441704,,0,,0,,2020-10-29 16:22:00.0,1,,,,,1419821,1419821,,,2020-11-18,2020-11-19
29218001,,,,,600019282661,4842600,33023987,,,2020-11-06 11:05:58.0,2020-11-18 15:04:05.0,2020-11-11 17:00:19.0,,,,,0,2020-11-19 11:00:00.0,1,America/Chicago,14016039,,,,Direct Placement,1446533,,0,,1,,2020-11-06 11:04:00.0,1,,,,,1440874,1440874,,,2020-11-18,2020-11-19
29240078,,,,,8589004293729,2369151,32988190,,,2020-11-10 10:53:17.0,2020-11-18 11:29:34.0,2020-11-10 10:53:20.0,,,,,0,2020-11-20 12:00:00.0,1,America/New_York,14056984,,,,Contract,1104736,,0,,0,,2020-11-10 10:53:00.0,1,,,,,1108886,1108886,,,2020-11-18,2020-11-19
29125482,79,64,Hourly,USD,1743950,2488954,18635141,1,USD,2020-10-27 11:49:40.0,2020-11-19 13:33:55.0,2020-11-19 13:33:55.0,2021-01-30 20:00:00.0,,,,1,2020-10-28 17:00:00.0,1,America/Chicago,13974716,IT,HOUST,Yearly,Contract,1441704,,0,,0,2020-11-23 09:00:00.0,,0,,,,,1406388,1419821,,Independent Contractor,2020-11-18,2020-11-19
29189796,,,,,8738045855142,2198273,15552970,,,2020-11-03 17:36:58.0,2020-11-18 16:59:30.0,2020-11-03 17:37:00.0,,,,,0,2020-11-23 12:00:00.0,1,America/Chicago,14029836,,,,Contract,1095841,,0,,1,,2020-11-03 17:35:00.0,1,,,,,1470052,1470052,,,2020-11-18,2020-11-19
29224105,55,37,Hourly,USD,6867394651419,2197202,32472415,0,USD,2020-11-06 17:49:15.0,2020-11-19 18:41:28.0,2020-11-19 18:41:23.0,2021-06-08 20:00:00.0,,,,1,2020-11-16 18:30:00.0,1,America/Los_Angeles,14013061,IT,HB-CA,Hourly,Right to Hire,1416848,,0,,0,2020-12-08 09:00:00.0,2020-11-06 17:48:00.0,1,,,,,1459897,1456117,,,2020-11-18,2020-11-19
29160169,110,70,Hourly,USD,2443842329912,2719141,27287370,0,USD,2020-10-30 09:33:18.0,2020-11-19 13:02:14.0,2020-11-19 13:02:14.0,2021-01-25 20:00:00.0,,,,1,,0,,14014515,IT,HOUST,Hourly,Contract,1446533,,0,,0,2020-11-23 09:00:00.0,2020-10-30 09:32:00.0,1,,,,,1406388,1440874,,,2020-11-18,2020-11-19
29162604,25.5,17.25,Hourly,USD,12012633550278,2347051,22036390,0,USD,2020-10-30 12:53:56.0,2020-11-19 14:34:44.0,2020-11-19 14:34:44.0,2021-05-07 20:00:00.0,,,,1,,0,,13999687,IT,HOUST,Hourly,Contract,1418854,,0,,1,2020-12-07 09:00:00.0,2020-10-30 12:53:00.0,1,,,,,1406388,1440691,,,2020-11-18,2020-11-19
29163751,84.5,65,Hourly,USD,3268859933741,6555798,20650370,0,USD,2020-10-30 14:20:14.0,2020-11-19 19:16:10.0,2020-11-19 19:16:10.0,2021-06-25 20:00:00.0,,,,1,2020-11-04 11:00:00.0,1,America/Chicago,13979328,IT,HOUST,Hourly,Contract,1096061,,0,,0,2020-11-16 09:00:00.0,2020-10-30 14:19:00.0,1,,,,,1459897,1424112,,,2020-11-18,2020-11-19
29332324,,,,,1047054491403,6389111,31425746,,,2020-11-18 12:54:49.0,2020-11-18 12:55:21.0,2020-11-18 12:54:50.0,,,,,0,,0,,14082955,,,,Right to Hire,1096061,,0,,0,,2020-11-18 12:53:00.0,1,,,,,1380008,1380008,,,2020-11-18,2020-11-19
29194899,95,65,Hourly,USD,3772248516397,6901529,31118338,0,USD,2020-11-04 10:52:48.0,2020-11-19 17:42:08.0,2020-11-19 17:41:42.0,2021-05-31 20:00:00.0,,,,1,2020-11-17 14:30:00.0,1,America/Chicago,13999098,IT,ATL,Hourly,Contract,1104736,,0,,0,2020-12-07 09:00:00.0,2020-11-04 10:51:00.0,1,,,,,1408252,1460745,,,2020-11-18,2020-11-19
29277936,84.5,65,Hourly,USD,5347796934002,2193702,31427484,0,USD,2020-11-11 09:38:53.0,2020-11-19 14:19:11.0,2020-11-19 14:19:11.0,2021-02-26 20:00:00.0,,,,1,,0,,14022098,IT,HOUST,Hourly,Contract,1096061,,0,,0,2020-11-30 09:00:00.0,2020-11-11 09:38:00.0,1,,,,,1406388,1095632,,,2020-11-18,2020-11-19
29309503,16.32,12.75,Hourly,USD,10228162211956,6326134,30839869,0,USD,2020-11-16 12:29:33.0,2020-11-18 13:40:08.0,2020-11-18 13:40:08.0,2021-01-22 20:00:00.0,,,,1,,0,,14087340,IT,R-NY,Hourly,Contract,1095672,,0,,0,2020-12-14 09:00:00.0,2020-11-16 12:29:00.0,1,,,,,1096112,1403411,,,2020-11-18,2020-11-19
29308413,,,,,6958468047548,2369151,28156713,,,2020-11-16 10:52:48.0,2020-11-19 13:59:11.0,2020-11-16 10:52:50.0,,,,,0,,0,,14089824,,,,Direct Placement,1104736,,0,,0,,2020-11-16 10:51:00.0,1,,,,,1251538,1251538,,,2020-11-18,2020-11-19
29310985,85,65,Hourly,USD,12125706462862,2189083,10481401,1,USD,2020-11-16 14:20:58.0,2020-11-19 18:11:54.0,2020-11-19 18:11:50.0,2021-06-04 20:00:00.0,,,,1,2020-11-16 15:30:00.0,1,America/Chicago,14042277,IT,HOUST,Hourly,Contract,1361364,,0,,0,2020-12-07 09:00:00.0,,0,,,,,1406388,1095632,,Subcontractor,2020-11-18,2020-11-19
29345230,,,,,6511220297395,2369151,15753508,,,2020-11-19 13:56:17.0,2020-11-19 13:57:49.0,2020-11-19 13:56:19.0,,,,,0,,0,,14108662,,,,Contract,1104736,,0,,1,,2020-11-19 13:55:00.0,1,,,,,1108886,1108886,,,2020-11-18,2020-11-19
29343787,,,,,5920279198621,7350009,31964200,,,2020-11-19 12:14:42.0,2020-11-19 12:14:49.0,2020-11-19 12:14:44.0,,,,,0,,0,,14074276,,,,Direct Placement,1361364,,0,,0,,2020-11-19 12:14:00.0,1,,,,,1419821,1419821,,,2020-11-18,2020-11-19
29346135,,,,,12159929186692,2189950,32395605,,,2020-11-19 14:54:10.0,2020-11-19 15:09:22.0,2020-11-19 15:09:18.0,,,,,0,2020-11-20 10:00:00.0,1,America/Chicago,14108450,,,,Direct Placement,1464505,,0,,0,,2020-11-19 14:52:00.0,1,,,,,1095632,1095632,,,2020-11-18,2020-11-19
29343253,,,,,9813304386968,2369151,15753508,,,2020-11-19 11:40:24.0,2020-11-19 11:41:29.0,2020-11-19 11:40:26.0,,,,,0,,0,,14096887,,,,Contract,1104736,,0,,1,,2020-11-19 11:37:00.0,1,,,,,1440064,1440064,,,2020-11-18,2020-11-19
29346167,,,,,1744627881367,5479554,26792215,,,2020-11-19 14:56:27.0,2020-11-19 14:57:06.0,2020-11-19 14:56:29.0,,,,,0,,0,,14081105,,,,Direct Placement,1394817,,0,,0,,2020-11-19 14:54:00.0,1,,,,,1095632,1095632,,,2020-11-18,2020-11-19
29346190,,,,,4453104159710,2190650,21283916,,,2020-11-19 14:57:58.0,2020-11-19 14:58:22.0,2020-11-19 14:58:00.0,,,,,0,,0,,14098301,,,,Contract,1394820,,0,,0,,2020-11-19 14:57:00.0,1,,,,,1443218,1443218,,,2020-11-18,2020-11-19
29345909,,,,,3564623898609,2193655,26818912,,,2020-11-19 14:38:26.0,2020-11-19 14:39:46.0,2020-11-19 14:38:28.0,,,,,0,,0,,14040819,,,,Direct Placement,1418854,,0,,0,,2020-11-19 14:37:00.0,1,,,,,1440874,1440874,,,2020-11-18,2020-11-19
29344784,,,,,1086210119677,2189950,32395605,,,2020-11-19 13:25:44.0,2020-11-19 13:47:31.0,2020-11-19 13:25:45.0,,,,,0,2020-11-20 11:30:00.0,1,America/Chicago,14108450,,,,Direct Placement,1464505,,0,,0,,2020-11-19 13:25:00.0,1,,,,,1251538,1251538,,,2020-11-18,2020-11-19
29343229,,,,,1988518284920,7920646,21009692,,,2020-11-19 11:38:21.0,2020-11-19 11:39:00.0,2020-11-19 11:38:22.0,,,,,0,,0,,14097982,,,,Right to Hire,1406154,,0,,0,,2020-11-19 11:37:00.0,1,,,,,1095632,1095632,,,2020-11-18,2020-11-19
29345923,,,,,2297587,7887419,32527004,,,2020-11-19 14:39:14.0,2020-11-19 14:44:19.0,2020-11-19 14:39:16.0,,,,,0,,0,,13946366,,,,Right to Hire,1095869,,0,,0,,2020-11-19 14:38:00.0,1,,,,,1095869,1460631,,,2020-11-18,2020-11-19
29345255,,,,,4774366292270,2196593,26715427,,,2020-11-19 13:58:11.0,2020-11-19 13:59:37.0,2020-11-19 13:58:14.0,,,,,0,,0,,14102589,,,,Contract,1406154,,0,,998,,,0,,,,,1447792,1447792,,,2020-11-18,2020-11-19
29343601,,,,,11162399074605,2198273,15552970,,,2020-11-19 12:02:35.0,2020-11-19 12:03:36.0,2020-11-19 12:02:36.0,,,,,0,,0,,13755807,,,,Contract,1095841,,0,,0,,2020-11-19 12:02:00.0,1,,,,,1169137,1169137,,,2020-11-18,2020-11-19
29343211,,,,,12231423435134,2369151,15753508,,,2020-11-19 11:36:58.0,2020-11-19 11:37:48.0,2020-11-19 11:37:00.0,,,,,0,,0,,14107148,,,,Contract,1104736,,0,,0,,2020-11-19 11:36:00.0,1,,,,,1108886,1108886,,,2020-11-18,2020-11-19
29345993,,,,,10218450275508,2369151,28156713,,,2020-11-19 14:44:30.0,2020-11-19 14:45:11.0,2020-11-19 14:44:32.0,,,,,0,,0,,14044239,,,,Direct Placement,1104736,,0,,0,,2020-11-19 14:43:00.0,1,,,,,1460745,1460745,,,2020-11-18,2020-11-19
29345646,,,,,334145259242,2369151,15753508,,,2020-11-19 14:22:36.0,2020-11-19 14:22:49.0,2020-11-19 14:22:38.0,,,,,0,,0,,14108348,,,,Contract,1104736,,0,,1,,2020-11-19 14:20:00.0,1,,,,,1457446,1457446,,,2020-11-18,2020-11-19
29346076,,,,,9518901111489,2369151,26762544,,,2020-11-19 14:49:21.0,2020-11-19 14:50:29.0,2020-11-19 14:49:22.0,,,,,0,,0,,14108662,,,,Contract,1104736,,0,,1,,2020-11-19 14:48:00.0,1,,,,,1108886,1108886,,,2020-11-18,2020-11-19
29345641,,,,,4774366292270,7954385,33071655,,,2020-11-19 14:22:22.0,2020-11-19 14:22:49.0,2020-11-19 14:22:24.0,,,,,0,,0,,14102589,,,,Contract,1406154,,0,,0,,2020-11-19 14:21:00.0,1,,,,,1445402,1445402,,,2020-11-18,2020-11-19
29343836,,,,,12227096576892,2196593,21879272,,,2020-11-19 12:18:22.0,2020-11-19 12:18:31.0,2020-11-19 12:18:24.0,,,,,0,,0,,14094119,,,,Contract,1394820,,0,,998,,,0,,,,,1447792,1447792,,,2020-11-18,2020-11-19
29343283,,,,,11242008671475,5479554,26792215,,,2020-11-19 11:42:29.0,2020-11-19 11:43:09.0,2020-11-19 11:42:31.0,,,,,0,,0,,14022214,,,,Direct Placement,1394817,,0,,0,,2020-11-19 11:41:00.0,1,,,,,1470735,1470735,,,2020-11-18,2020-11-19
29343282,,,,,4980581359853,2190650,25717557,,,2020-11-19 11:42:23.0,2020-11-19 11:43:07.0,2020-11-19 11:42:24.0,,,,,0,,0,,14103058,,,,Contract,1394820,,0,,0,,2020-11-19 11:41:00.0,1,,,,,1443218,1443218,,,2020-11-18,2020-11-19
29347000,,,,,11937747488036,2196789,26117720,,,2020-11-19 15:43:38.0,2020-11-19 15:44:41.0,2020-11-19 15:43:39.0,,,,,0,,0,,13962871,,,,Right to Hire,1416294,,0,,0,,2020-11-19 15:43:00.0,1,,,,,1440691,1440691,,,2020-11-18,2020-11-19
29343340,,,,,197053930855,2369151,15753508,,,2020-11-19 11:46:30.0,2020-11-19 11:47:04.0,2020-11-19 11:46:32.0,,,,,0,,0,,14107217,,,,Contract,1104736,,0,,0,,2020-11-19 11:46:00.0,1,,,,,1445360,1445360,,,2020-11-18,2020-11-19
29346019,,,,,11527193439556,2196593,21871821,,,2020-11-19 14:46:11.0,2020-11-19 14:46:49.0,2020-11-19 14:46:13.0,,,,,0,,0,,14108672,,,,Contract,1104736,,0,,998,,,0,,,,,1450333,1450333,,,2020-11-18,2020-11-19
29345988,,,,,7586861545536,5575645,26604193,,,2020-11-19 14:43:52.0,2020-11-19 14:43:56.0,2020-11-19 14:43:53.0,,,,,0,,0,,14057099,,,,Right to Hire,1104736,,0,,0,,2020-11-19 14:43:00.0,1,,,,,1403411,1403411,,,2020-11-18,2020-11-19
29344149,,,,,10896332216923,5905533,32809281,,,2020-11-19 12:39:49.0,2020-11-19 12:40:12.0,2020-11-19 12:39:50.0,,,,,0,,0,,14049477,,,,Right to Hire,1361364,,0,,0,,2020-11-19 12:38:00.0,1,,,,,1445402,1445402,,,2020-11-18,2020-11-19
29347046,,,,,4204457468038,7350009,31964200,,,2020-11-19 15:45:52.0,2020-11-19 15:46:04.0,2020-11-19 15:45:53.0,,,,,0,,0,,14074276,,,,Direct Placement,1361364,,0,,0,,2020-11-19 15:45:00.0,1,,,,,1419821,1419821,,,2020-11-18,2020-11-19
29345328,22.5,15,Hourly,USD,6935095566434,6569340,32974370,0,USD,2020-11-19 14:02:54.0,2020-11-19 17:03:57.0,2020-11-19 17:03:54.0,2021-02-01 20:00:00.0,,,,1,,0,,14107027,IT,HOUST,Hourly,Contract,1361364,,0,,0,2020-11-23 09:00:00.0,2020-11-19 14:01:00.0,1,,,,,1406388,1440874,,,2020-11-18,2020-11-19
29346419,,,,,7003519746152,2718906,31964251,,,2020-11-19 15:12:04.0,2020-11-19 15:13:02.0,2020-11-19 15:12:07.0,,,,,0,,0,,14031231,,,,Contract,1095841,,0,,0,,2020-11-19 15:11:00.0,1,,,,,1456117,1456117,,,2020-11-18,2020-11-19
29344949,,,,,5809683196038,7199796,26656155,,,2020-11-19 13:37:22.0,2020-11-19 13:38:26.0,2020-11-19 13:37:25.0,,,,,0,,0,,14108032,,,,Direct Placement,1416848,,0,,0,,2020-11-19 13:36:00.0,1,,,,,1460631,1460631,,,2020-11-18,2020-11-19
29345142,,,,,5782663351097,2198273,15552970,,,2020-11-19 13:49:50.0,2020-11-19 13:50:17.0,2020-11-19 13:49:51.0,,,,,0,,0,,13755807,,,,Contract,1095841,,0,,0,,2020-11-19 13:49:00.0,1,,,,,1169137,1169137,,,2020-11-18,2020-11-19
29343682,,,,,10528370063063,2347051,21595463,,,2020-11-19 12:08:14.0,2020-11-19 12:08:41.0,2020-11-19 12:08:17.0,,,,,0,,0,,14107850,,,,Contract,1418854,,0,,0,,2020-11-19 12:07:00.0,1,,,,,1251538,1251538,,,2020-11-18,2020-11-19
29345294,22.5,15,Hourly,USD,11944579912582,6569340,32974370,0,USD,2020-11-19 14:00:15.0,2020-11-19 17:50:38.0,2020-11-19 17:50:34.0,2021-02-01 20:00:00.0,,,,1,,0,,14107027,IT,HOUST,Hourly,Contract,1361364,,0,,0,2020-11-23 09:00:00.0,2020-11-19 13:56:00.0,1,,,,,1406388,1440874,,,2020-11-18,2020-11-19
29345256,,,,,11848239972710,2198273,25725531,,,2020-11-19 13:58:13.0,2020-11-19 13:59:37.0,2020-11-19 13:58:15.0,,,,,0,,0,,14087331,,,,Contract,1095841,,0,,0,,2020-11-19 13:57:00.0,1,,,,,1422281,1422281,,,2020-11-18,2020-11-19
29342385,,,,,4549451169909,7350009,31964200,,,2020-11-19 10:33:52.0,2020-11-19 10:34:09.0,2020-11-19 10:33:55.0,,,,,0,,0,,14074276,,,,Direct Placement,1361364,,0,,0,,2020-11-19 10:33:00.0,1,,,,,1419821,1419821,,,2020-11-18,2020-11-19
29279437,,,,,678431880646,2198273,25725531,,,2020-11-11 11:43:35.0,2020-11-19 13:18:00.0,2020-11-11 11:43:37.0,,,,,0,2020-11-20 15:30:00.0,1,America/Los_Angeles,14057820,,,,Contract,1095841,,0,,1,,2020-11-11 11:43:00.0,1,,,,,1169137,1169137,,,2020-11-18,2020-11-19
29282867,,,,,1638888762543,5479554,26792215,,,2020-11-11 15:32:43.0,2020-11-18 14:44:55.0,2020-11-18 14:44:53.0,,,,,0,2020-11-20 15:30:00.0,1,America/Chicago,14027464,,,,Direct Placement,1394817,,0,,0,,2020-11-11 15:32:00.0,1,,,,,1440691,1440691,,,2020-11-18,2020-11-19
29334104,,,,,2906667379346,2192733,30998717,,,2020-11-18 14:47:08.0,2020-11-18 14:47:19.0,2020-11-18 14:47:10.0,,,,,0,,0,,14101100,,,,Contract,1361364,,0,,0,,2020-11-18 14:46:00.0,1,,,,,1424112,1424112,,,2020-11-18,2020-11-19
29315889,,,,,1023615282193,2197202,32258740,,,2020-11-16 18:54:48.0,2020-11-18 12:02:26.0,2020-11-16 18:54:49.0,,,,,0,2020-11-23 13:00:00.0,1,America/Chicago,13933835,,,,Contract,1416848,,0,,0,,2020-11-16 18:53:00.0,1,,,,,1470277,1470277,,,2020-11-18,2020-11-19
29313436,,,,,2860118355877,2196789,31424077,,,2020-11-16 16:54:25.0,2020-11-18 09:32:51.0,2020-11-18 09:32:51.0,,,,,0,2020-11-18 15:30:00.0,1,America/Chicago,13998906,,,,Contract,1464505,,0,,0,,2020-11-16 16:53:00.0,1,,,,,1095632,1095632,,,2020-11-18,2020-11-19
29316251,78.65,50,Hourly,USD,6024321280628,7255187,30849424,0,USD,2020-11-16 19:47:53.0,2020-11-19 10:43:28.0,2020-11-19 10:43:23.0,2021-04-02 20:00:00.0,,,,1,2020-11-17 14:00:00.0,1,America/Los_Angeles,13915109,IT,HB-CA,Hourly,Contract,1095841,,0,,1,2020-12-07 09:00:00.0,,0,,,,,1459897,1095849,,,2020-11-18,2020-11-19
29348167,,,,,752550227817,2192733,30998717,,,2020-11-19 16:48:51.0,2020-11-19 16:49:48.0,2020-11-19 16:48:52.0,,,,,0,,0,,14101100,,,,Contract,1361364,,0,,0,,2020-11-19 16:48:00.0,1,,,,,1424112,1424112,,,2020-11-18,2020-11-19
29348190,,,,,200718140366,6802475,33049389,,,2020-11-19 16:50:05.0,2020-11-19 16:51:07.0,2020-11-19 16:50:06.0,,,,,0,,0,,14101466,,,,Direct Placement,1406154,,0,,0,,2020-11-19 16:49:00.0,1,,,,,1424008,1424008,,,2020-11-18,2020-11-19
29347060,,,,,7314813259388,7738929,33153244,,,2020-11-19 15:46:48.0,2020-11-19 15:47:21.0,2020-11-19 15:46:49.0,,,,,0,,0,,14056555,,,,Direct Placement,1104736,,0,,0,,2020-11-19 15:45:00.0,1,,,,,1440691,1440691,,,2020-11-18,2020-11-19
29347758,,,,,12232740699484,4754855,21560816,,,2020-11-19 16:24:47.0,2020-11-19 16:25:24.0,2020-11-19 16:24:49.0,,,,,0,,0,,13747222,,,,Direct Placement,1452961,,0,,0,,2020-11-19 16:24:00.0,1,,,,,1403411,1403411,,,2020-11-18,2020-11-19
29348129,,,,,128049413408,2196789,26795856,,,2020-11-19 16:47:06.0,2020-11-19 16:59:50.0,2020-11-19 16:47:08.0,,,,,0,,0,,14079812,,,,Contract,1455993,,0,,0,,2020-11-19 16:45:00.0,1,,,,,1459591,1459591,,,2020-11-18,2020-11-19
29348392,,,,,473508870823,7954385,33071655,,,2020-11-19 16:59:52.0,2020-11-19 17:00:47.0,2020-11-19 16:59:55.0,,,,,0,,0,,14105621,,,,Contract,1406154,,0,,0,,2020-11-19 16:59:00.0,1,,,,,1424008,1424008,,,2020-11-18,2020-11-19
29348517,,,,,11645337553297,2369151,26762544,,,2020-11-19 17:06:26.0,2020-11-19 17:07:14.0,2020-11-19 17:06:28.0,,,,,0,,0,,14108755,,,,Contract,1104736,,0,,1,,2020-11-19 17:05:00.0,1,,,,,1440064,1440064,,,2020-11-18,2020-11-19
29348294,,,,,1974221791359,2198273,15552970,,,2020-11-19 16:55:00.0,2020-11-19 16:57:07.0,2020-11-19 16:55:05.0,,,,,0,,0,,13755807,,,,Contract,1095841,,0,,0,,2020-11-19 16:54:00.0,1,,,,,1169137,1169137,,,2020-11-18,2020-11-19
29351015,,,,,11736155483113,2718906,31964251,,,2020-11-19 19:01:40.0,2020-11-19 19:02:27.0,2020-11-19 19:01:42.0,,,,,0,,0,,14031231,,,,Contract,1095841,,0,,0,,2020-11-19 19:01:00.0,1,,,,,1456117,1456117,,,2020-11-18,2020-11-19
29349539,,,,,3049134968037,2194644,33080202,,,2020-11-19 17:50:30.0,2020-11-19 17:51:08.0,2020-11-19 17:50:32.0,,,,,0,,0,,14104102,,,,Direct Placement,1096061,,0,,1,,2020-11-19 17:49:00.0,1,,,,,1440874,1440874,,,2020-11-18,2020-11-19
29348476,,,,,2422467228261,7257703,27157335,,,2020-11-19 17:04:27.0,2020-11-19 17:04:39.0,2020-11-19 17:04:30.0,,,,,0,,0,,14107036,,,,Contract,1095869,,0,,0,,2020-11-19 17:03:00.0,1,,,,,1470277,1470277,,,2020-11-18,2020-11-19
29348718,85,61,Hourly,USD,12232889796616,6901529,33205905,0,USD,2020-11-19 17:17:22.0,2020-11-19 18:09:39.0,2020-11-19 18:08:21.0,2021-06-30 20:00:00.0,,,,1,,0,,14109789,IT,ATL,Hourly,Right to Hire,1104736,,0,,0,2020-12-07 09:00:00.0,2020-11-19 17:16:00.0,1,,,,,1408252,1403411,,,2020-11-18,2020-11-19
29348042,,,,,3370375481929,2190650,21283916,,,2020-11-19 16:41:57.0,2020-11-19 16:43:03.0,2020-11-19 16:41:58.0,,,,,0,,0,,14098301,,,,Contract,1394820,,0,,0,,2020-11-19 16:41:00.0,1,,,,,1443218,1443218,,,2020-11-18,2020-11-19
29348098,,,,,9226398927901,2369151,26762544,,,2020-11-19 16:45:20.0,2020-11-19 16:48:22.0,2020-11-19 16:45:21.0,,,,,0,,0,,14108672,,,,Contract,1104736,,0,,1,,2020-11-19 16:44:00.0,1,,,,,1395257,1422044,,,2020-11-18,2020-11-19
29347649,,,,,12232040656109,2198273,20854498,,,2020-11-19 16:18:01.0,2020-11-19 16:18:33.0,2020-11-19 16:18:03.0,,,,,0,,0,,14011464,,,,Contract,1095841,,0,,0,,2020-11-19 16:16:00.0,1,,,,,1409440,1409440,,,2020-11-18,2020-11-19
29348820,,,,,2558703,2190650,25717557,,,2020-11-19 17:22:46.0,2020-11-19 17:39:46.0,2020-11-19 17:22:47.0,,,,,0,,0,,14103058,,,,Contract,1394820,,0,,0,,2020-11-19 17:22:00.0,1,,,,,1470052,1470052,,,2020-11-18,2020-11-19
29349392,,,,,9340494379180,7762355,31182713,,,2020-11-19 17:45:50.0,2020-11-19 17:46:11.0,2020-11-19 17:45:51.0,,,,,0,,0,,14030939,,,,Contract,1455993,,0,,0,,2020-11-19 17:45:00.0,1,,,,,1459591,1459591,,,2020-11-18,2020-11-19
29349393,,,,,12232465588511,4754855,21560816,,,2020-11-19 17:45:50.0,2020-11-19 17:46:12.0,2020-11-19 17:45:52.0,,,,,0,,0,,13747222,,,,Direct Placement,1452961,,0,,0,,2020-11-19 17:45:00.0,1,,,,,1403411,1403411,,,2020-11-18,2020-11-19
29348080,,,,,11527193439556,2369151,26762544,,,2020-11-19 16:44:11.0,2020-11-19 16:48:46.0,2020-11-19 16:44:12.0,,,,,0,,0,,14108672,,,,Contract,1104736,,0,,1,,2020-11-19 16:43:00.0,1,,,,,1395257,1422044,,,2020-11-18,2020-11-19
29347743,,,,,3557449399159,4754855,21560816,,,2020-11-19 16:23:49.0,2020-11-19 16:24:04.0,2020-11-19 16:23:50.0,,,,,0,,0,,13747222,,,,Direct Placement,1452961,,0,,0,,2020-11-19 16:23:00.0,1,,,,,1403411,1403411,,,2020-11-18,2020-11-19
29349734,,,,,9867079056469,2718906,31964251,,,2020-11-19 17:57:03.0,2020-11-19 17:57:07.0,2020-11-19 17:57:04.0,,,,,0,,0,,14099781,,,,Contract,1095841,,0,,1,,2020-11-19 17:54:00.0,1,,,,,1422281,1422281,,,2020-11-18,2020-11-19
29350102,,,,,257969715021,7738929,33153244,,,2020-11-19 18:09:01.0,2020-11-19 18:09:08.0,2020-11-19 18:09:03.0,,,,,0,,0,,14056555,,,,Direct Placement,1104736,,0,,0,,2020-11-19 18:08:00.0,1,,,,,1445360,1445360,,,2020-11-18,2020-11-19
29347759,,,,,7217882960916,7257703,27157335,,,2020-11-19 16:24:50.0,2020-11-19 16:25:24.0,2020-11-19 16:24:51.0,,,,,0,,0,,14105311,,,,Contract,1095869,,0,,0,,2020-11-19 16:21:00.0,1,,,,,1095849,1095849,,,2020-11-18,2020-11-19
29347610,,,,,12227096576892,4848241,33195428,,,2020-11-19 16:15:56.0,2020-11-19 16:16:59.0,2020-11-19 16:15:57.0,,,,,0,,0,,14094119,,,,Contract,1394820,,0,,1,,2020-11-19 16:15:00.0,1,,,,,1422281,1422281,,,2020-11-18,2020-11-19
29350988,,,,,11674605219403,6569340,32974370,,,2020-11-19 18:58:35.0,2020-11-19 18:59:05.0,2020-11-19 18:58:36.0,,,,,0,,0,,14110112,,,,Contract,1361364,,0,,0,,2020-11-19 18:57:00.0,1,,,,,1380008,1380008,,,2020-11-18,2020-11-19
29349306,,,,,286080053484,7954385,33071655,,,2020-11-19 17:42:39.0,2020-11-19 17:43:28.0,2020-11-19 17:42:40.0,,,,,0,,0,,14105430,,,,Contract,1406154,,0,,0,,2020-11-19 17:41:00.0,1,,,,,1359813,1359813,,,2020-11-18,2020-11-19
29347399,,,,,1744627881367,7738929,33153244,,,2020-11-19 16:05:11.0,2020-11-19 16:05:23.0,2020-11-19 16:05:13.0,,,,,0,,0,,14056555,,,,Direct Placement,1104736,,0,,0,,2020-11-19 16:04:00.0,1,,,,,1095632,1095632,,,2020-11-18,2020-11-19
29350291,,,,,10519123168051,2196789,26801995,,,2020-11-19 18:16:20.0,2020-11-19 18:17:20.0,2020-11-19 18:16:21.0,,,,,0,,0,,14093520,,,,Contract,1416294,,0,,0,,2020-11-19 18:15:00.0,1,,,,,1108886,1108886,,,2020-11-18,2020-11-19
29350812,,,,,5945609815262,4754855,21560816,,,2020-11-19 18:45:32.0,2020-11-19 18:45:48.0,2020-11-19 18:45:33.0,,,,,0,2020-11-20 11:00:00.0,1,America/New_York,13747222,,,,Direct Placement,1452961,,0,,0,,,0,,,,,1403411,1403411,,,2020-11-18,2020-11-19
29350957,,,,,3126048191973,2198273,25725531,,,2020-11-19 18:56:57.0,2020-11-19 18:57:59.0,2020-11-19 18:56:58.0,,,,,0,,0,,14091062,,,,Contract,1095841,,0,,0,,2020-11-19 18:56:00.0,1,,,,,1169137,1169137,,,2020-11-18,2020-11-19
29347556,,,,,9226398927901,2196593,21871821,,,2020-11-19 16:13:04.0,2020-11-19 16:14:16.0,2020-11-19 16:13:06.0,,,,,0,,0,,14108672,,,,Contract,1104736,,0,,998,,,0,,,,,1450333,1450333,,,2020-11-18,2020-11-19
29203475,30,20,Hourly,USD,3846462487658,2198273,15552970,0,USD,2020-11-04 19:24:10.0,2020-11-19 15:33:08.0,2020-11-19 15:33:08.0,2021-04-30 20:00:00.0,,,,1,2020-11-16 19:00:00.0,1,America/Los_Angeles,13994598,IT,HB-CA,Hourly,Contract,1095841,,0,,0,2020-12-07 09:00:00.0,2020-11-04 19:23:00.0,1,,,,,1459897,1456117,,,2020-11-18,2020-11-19
29203561,73,49,Hourly,USD,7007748010700,2198273,25725531,0,USD,2020-11-04 19:41:20.0,2020-11-19 15:55:43.0,2020-11-19 15:55:43.0,2021-04-28 20:00:00.0,,,,1,2020-11-13 11:30:00.0,1,America/Los_Angeles,14010573,IT,HB-CA,Hourly,Contract,1095841,,0,,1,2020-11-30 09:00:00.0,2020-11-04 19:40:00.0,1,,,,,1459897,1443218,,,2020-11-18,2020-11-19
29284673,94,65,Hourly,USD,11565317744722,6568194,18635119,0,USD,2020-11-11 17:16:01.0,2020-11-19 19:03:36.0,2020-11-19 19:03:36.0,2021-02-26 20:00:00.0,,,,1,2020-11-12 16:00:00.0,1,America/New_York,14030629,IT,ATL,Yearly,Contract,1104736,,0,,0,2020-11-30 09:00:00.0,,0,,,,,1408252,1445360,,,2020-11-18,2020-11-19
29285436,77,55,Hourly,USD,11217190025927,6555798,20650370,0,USD,2020-11-11 17:51:02.0,2020-11-19 16:11:17.0,2020-11-19 16:11:17.0,2021-08-27 20:00:00.0,,,,1,2020-11-16 16:00:00.0,1,America/Chicago,13962555,IT,HOUST,Hourly,Contract,1096061,,0,,0,2020-12-07 09:00:00.0,2020-11-11 17:50:00.0,1,,,,,1406388,1424112,,,2020-11-18,2020-11-19
29319778,,,,,3398127331846,2198273,25725531,,,2020-11-17 11:57:22.0,2020-11-19 17:16:31.0,2020-11-19 17:16:28.0,,,,,0,2020-11-20 13:00:00.0,1,America/Los_Angeles,14087331,,,,Contract,1095841,,0,,0,,2020-11-17 11:56:00.0,1,,,,,1422281,1422281,,,2020-11-18,2020-11-19
29319482,,,,,12204442486221,7350009,31960399,,,2020-11-17 11:34:56.0,2020-11-18 10:28:01.0,2020-11-17 11:34:59.0,,,,,0,2020-11-19 12:00:00.0,1,America/Chicago,14056529,,,,Direct Placement,1361364,,0,,0,,2020-11-17 11:32:00.0,1,,,,,1445402,1445402,,,2020-11-18,2020-11-19
29320645,,,,,1467684,4209652,31978092,,,2020-11-17 13:02:57.0,2020-11-18 18:26:29.0,2020-11-17 13:02:59.0,,,,,0,2020-11-19 10:30:00.0,1,America/Chicago,14011210,,,,Direct Placement,1455993,,0,,0,,2020-11-17 13:01:00.0,1,,,,,1457446,1457446,,,2020-11-18,2020-11-19
29351766,,,,,843291098294,2369151,15753508,,,2020-11-19 22:44:46.0,2020-11-19 22:45:06.0,2020-11-19 22:44:47.0,,,,,0,,0,,14108666,,,,Contract,1104736,,0,,1,,2020-11-19 22:44:00.0,1,,,,,1108886,1108886,,,2020-11-18,2020-11-19
29140306,,,,,4890664184850,2189039,26872357,,,2020-10-28 14:48:57.0,2020-11-18 12:21:55.0,2020-10-28 14:48:59.0,,,,,0,2020-12-01 12:00:00.0,1,America/Chicago,14006263,,,,Contract,1418854,,0,,1,,2020-10-28 14:48:00.0,1,,,,,1457446,1457446,,,2020-11-18,2020-11-19
29173366,73,49,Hourly,USD,7097029959709,2198273,25725531,0,USD,2020-11-02 12:10:51.0,2020-11-18 14:01:51.0,2020-11-18 14:01:51.0,2021-06-30 20:00:00.0,,,,1,2020-11-06 13:30:00.0,1,America/Denver,14011410,IT,HB-CA,Hourly,Contract,1095841,,0,,0,2020-11-30 09:00:00.0,2020-11-02 12:03:00.0,1,,,,,1459897,1470052,,,2020-11-18,2020-11-19
29208114,,,,,2446861,6920465,26334719,,,2020-11-05 13:03:59.0,2020-11-18 11:37:27.0,2020-11-18 11:37:23.0,,,,,0,2020-11-19 16:00:00.0,1,America/Chicago,14028454,,,,Contract,1416294,,0,,1,,2020-11-05 13:01:00.0,1,,,,,1440691,1440691,,,2020-11-18,2020-11-19
29289103,100,75,Hourly,USD,1794069487570,7964161,33152208,1,USD,2020-11-12 10:07:33.0,2020-11-18 15:16:38.0,2020-11-12 13:00:28.0,2021-12-31 20:00:00.0,,,,1,,0,,14051902,IT,ATL,Hourly,Contract,1472018,,0,,0,2001-01-01 09:00:00.0,2001-01-01 09:00:00.0,1,,,,,1395257,1104736,,Independent Contractor,2020-11-18,2020-11-19
29289146,,,,,3775911838748,2369151,28156713,,,2020-11-12 10:11:51.0,2020-11-18 09:39:01.0,2020-11-18 09:39:01.0,,,,,0,2020-11-20 17:00:00.0,1,America/New_York,14044110,,,,Direct Placement,1104736,,0,,0,,2020-11-12 10:11:00.0,1,,,,,1440064,1440064,,,2020-11-18,2020-11-19
29321169,,,,,6898928964233,4296153,27282106,,,2020-11-17 13:36:44.0,2020-11-18 09:08:42.0,2020-11-17 13:36:46.0,,,,,0,2020-11-19 14:00:00.0,1,America/New_York,14087068,,,,Contract,1095672,,0,,0,,2020-11-17 13:36:00.0,1,,,,,1403411,1403411,,,2020-11-18,2020-11-19
29321456,,,,,12217973340609,7963728,33150541,,,2020-11-17 13:54:48.0,2020-11-19 22:51:31.0,2020-11-17 13:54:50.0,,,,,0,2020-11-20 10:30:00.0,1,America/New_York,14052888,,,,Direct Placement,1472018,,0,,0,,2020-11-17 13:54:00.0,1,,,,,1108886,1108886,,,2020-11-18,2020-11-19
29324300,,,,,3728771722583,2189341,28275189,,,2020-11-17 16:43:46.0,2020-11-18 12:04:01.0,2020-11-17 16:43:49.0,,,,,0,,0,,14090985,,,,Contract,1095869,,0,,0,,2020-11-17 16:43:00.0,1,,,,,1409440,1460631,,,2020-11-18,2020-11-19
29329820,,,,,1741402,2187354,32944341,,,2020-11-18 09:51:16.0,2020-11-18 09:52:13.0,2020-11-18 09:51:18.0,,,,,0,,0,,14097820,,,,Contract,1446533,,0,,0,,2020-11-18 09:50:00.0,1,,,,,1440874,1440874,,,2020-11-18,2020-11-19
29329551,,,,,6870289829192,2369151,15753508,,,2020-11-18 09:26:28.0,2020-11-18 09:26:52.0,2020-11-18 09:26:30.0,,,,,0,,0,,14093398,,,,Contract,1104736,,0,,1,,2020-11-18 09:26:00.0,1,,,,,1460745,1460745,,,2020-11-18,2020-11-19
29328144,,,,,7126963362083,7257703,27157335,,,2020-11-17 23:45:51.0,2020-11-19 14:14:31.0,2020-11-17 23:45:52.0,,,,,0,,0,,14081243,,,,Contract,1095869,,0,,0,,2020-11-17 23:45:00.0,1,,,,,1095869,1443218,,,2020-11-18,2020-11-19
29327319,,,,,319429566590,2196593,26476728,,,2020-11-17 18:57:11.0,2020-11-19 17:22:07.0,2020-11-17 18:57:12.0,,,,,0,,0,,14098301,,,,Contract,1394820,2020-11-19 17:22:09.0,1,,998,,,0,,,,,1443218,1450333,,,2020-11-18,2020-11-19
29326860,,,,,1599681715580,2198273,25725531,,,2020-11-17 18:29:33.0,2020-11-18 11:31:56.0,2020-11-17 18:29:35.0,,,,,0,2020-11-19 14:30:00.0,1,America/Los_Angeles,14087146,,,,Contract,1095841,,0,,1,,2020-11-17 18:26:00.0,1,,,,,1455994,1455994,,,2020-11-18,2020-11-19
29330360,,,,,2240273416970,6920465,26334719,,,2020-11-18 10:41:00.0,2020-11-18 10:41:22.0,2020-11-18 10:41:03.0,,,,,0,2020-11-19 14:00:00.0,1,America/Chicago,14028454,,,,Contract,1416294,,0,,1,,,0,,,,,1440691,1440691,,,2020-11-18,2020-11-19
29330718,,,,,473508870823,2369151,28156713,,,2020-11-18 11:06:42.0,2020-11-18 11:07:34.0,2020-11-18 11:06:46.0,,,,,0,,0,,14076112,,,,Direct Placement,1104736,,0,,0,,2020-11-18 11:06:00.0,1,,,,,1470735,1470735,,,2020-11-18,2020-11-19
29331155,,,,,3179279392025,7924862,32989831,,,2020-11-18 11:37:52.0,2020-11-19 09:41:40.0,2020-11-18 11:37:54.0,,,,,0,2020-11-20 11:30:00.0,1,America/Chicago,14100662,,,,Direct Placement,1361364,,0,,0,,2020-11-18 11:37:00.0,1,,,,,1440874,1440874,,,2020-11-18,2020-11-19
29330864,,,,,8813298321915,5479554,26792215,,,2020-11-18 11:17:47.0,2020-11-18 11:18:01.0,2020-11-18 11:17:49.0,,,,,0,,0,,13895742,,,,Direct Placement,1394817,,0,,0,,2020-11-18 11:16:00.0,1,,,,,1251538,1251538,,,2020-11-18,2020-11-19
29331377,,,,,10703943188778,7342040,31040498,,,2020-11-18 11:54:45.0,2020-11-19 18:04:22.0,2020-11-19 18:04:20.0,,,,,0,2020-11-20 10:30:00.0,1,America/New_York,13827946,,,,Direct Placement,1406154,,0,,0,,2020-11-18 11:52:00.0,1,,,,,1424008,1424008,,,2020-11-18,2020-11-19
29330403,,,,,6600326555545,6389111,27853363,,,2020-11-18 10:43:57.0,2020-11-18 10:45:02.0,2020-11-18 10:43:58.0,,,,,0,,0,,14082954,,,,Right to Hire,1096061,,0,,0,,2020-11-18 10:43:00.0,1,,,,,1095632,1095632,,,2020-11-18,2020-11-19
29331874,,,,,12072835896281,7960971,33116540,,,2020-11-18 12:25:48.0,2020-11-18 12:26:23.0,2020-11-18 12:25:51.0,,,,,0,,0,,14025364,,,,,1448851,,0,,1,,2020-11-18 12:25:00.0,1,,,,,1359813,1359813,,,2020-11-18,2020-11-19
29331401,,,,,215682686571,-1,5216772,,,2020-11-18 11:55:45.0,2020-11-18 11:56:16.0,2020-11-18 11:55:47.0,,,,,0,,0,,14097982,,,,Right to Hire,1406154,,0,,998,,,0,,,,,1447792,1447792,,,2020-11-18,2020-11-19
29332556,,,,,10625142625411,5575645,26604193,,,2020-11-18 13:11:22.0,2020-11-19 16:59:58.0,2020-11-18 13:11:24.0,,,,,0,2020-11-23 12:30:00.0,1,America/New_York,14057099,,,,Right to Hire,1104736,,0,,0,,2020-11-18 13:10:00.0,1,,,,,1403411,1403411,,,2020-11-18,2020-11-19
29330138,,,,,2297587,6920465,26334719,,,2020-11-18 10:20:38.0,2020-11-18 10:20:54.0,2020-11-18 10:20:40.0,,,,,0,,0,,14028454,,,,Contract,1416294,,0,,1,,2020-11-18 10:19:00.0,1,,,,,1457446,1457446,,,2020-11-18,2020-11-19
29331867,,,,,1133799612391,2198273,5215195,,,2020-11-18 12:25:06.0,2020-11-18 12:26:26.0,2020-11-18 12:25:08.0,,,,,0,,0,,14080534,,,,Contract,1095841,,0,,0,,2020-11-18 12:24:00.0,1,,,,,1470052,1470052,,,2020-11-18,2020-11-19
29331488,,,,,6969950321238,7782119,31401790,,,2020-11-18 12:01:27.0,2020-11-18 12:01:33.0,2020-11-18 12:01:29.0,,,,,0,,0,,13758078,,,,Right to Hire,1104736,,0,,0,,2020-11-18 12:00:00.0,1,,,,,1445360,1445360,,,2020-11-18,2020-11-19
29330972,,,,,11135505487557,2369151,15753508,,,2020-11-18 11:25:19.0,2020-11-18 11:25:57.0,2020-11-18 11:25:21.0,,,,,0,,0,,14044197,,,,Contract,1104736,,0,,1,,2020-11-18 11:24:00.0,1,,,,,1108886,1108886,,,2020-11-18,2020-11-19
29332905,,,,,5415283285723,2187879,17840797,,,2020-11-18 13:34:15.0,2020-11-18 13:35:13.0,2020-11-18 13:34:17.0,,,,,0,,0,,14029360,,,,Right to Hire,1416848,,0,,0,,2020-11-18 13:33:00.0,1,,,,,1409440,1409440,,,2020-11-18,2020-11-19
29333428,,,,,750762930123,7924862,32989831,,,2020-11-18 14:07:51.0,2020-11-18 14:08:15.0,2020-11-18 14:07:52.0,,,,,0,,0,,14093964,,,,Contract,1361364,,0,,0,,2020-11-18 14:06:00.0,1,,,,,1380008,1380008,,,2020-11-18,2020-11-19
29332931,,,,,12205413185620,2190650,21283916,,,2020-11-18 13:35:58.0,2020-11-18 13:36:40.0,2020-11-18 13:36:00.0,,,,,0,,0,,14098301,,,,Contract,1394820,,0,,0,,2020-11-18 13:35:00.0,1,,,,,1443218,1443218,,,2020-11-18,2020-11-19
29333525,,,,,10587090191348,7960971,33116540,,,2020-11-18 14:13:15.0,2020-11-18 14:13:41.0,2020-11-18 14:13:17.0,,,,,0,,0,,14025364,,,,,1448851,,0,,1,,2020-11-18 14:12:00.0,1,,,,,1359813,1359813,,,2020-11-18,2020-11-19
29332638,,,,,11858266568832,2187879,32220370,,,2020-11-18 13:17:15.0,2020-11-18 13:18:29.0,2020-11-18 13:17:17.0,,,,,0,,0,,14096767,,,,Contract,1416848,,0,,0,,2020-11-18 13:15:00.0,1,,,,,1169137,1169137,,,2020-11-18,2020-11-19
29332123,,,,,588631349455,3632551,8306599,,,2020-11-18 12:42:15.0,2020-11-18 16:41:25.0,2020-11-18 12:42:18.0,,,,,0,,0,,14091098,,,,Contract,1095869,,0,,0,,2020-11-18 12:41:00.0,1,,,,,1095849,1095849,,,2020-11-18,2020-11-19
29332041,,,,,1441621123836,7255187,30849424,,,2020-11-18 12:35:36.0,2020-11-18 12:35:52.0,2020-11-18 12:35:38.0,,,,,0,,0,,14091104,,,,Contract,1095841,,0,,0,,2020-11-18 12:34:00.0,1,,,,,1409440,1409440,,,2020-11-18,2020-11-19
29333308,,,,,12039796623974,4848241,27197519,,,2020-11-18 13:59:41.0,2020-11-18 13:59:48.0,2020-11-18 13:59:43.0,,,,,0,,0,,14098573,,,,Contract,1394820,,0,,1,,2020-11-18 13:50:00.0,1,,,,,1455994,1455994,,,2020-11-18,2020-11-19
29331342,,,,,6620629625834,6920465,26334719,,,2020-11-18 11:51:26.0,2020-11-18 11:51:51.0,2020-11-18 11:51:27.0,,,,,0,,0,,14028454,,,,Contract,1416294,,0,,1,,2020-11-18 11:50:00.0,1,,,,,1440691,1440691,,,2020-11-18,2020-11-19
29332586,,,,,10361982441006,2196593,26476728,,,2020-11-18 13:13:15.0,2020-11-18 13:18:12.0,2020-11-18 13:13:17.0,,,,,0,,0,,14080475,,,,Contract,1394820,,0,,998,,,0,,,,,1450333,1450333,,,2020-11-18,2020-11-19
29333035,,,,,12225644481284,2198273,25725531,,,2020-11-18 13:41:40.0,2020-11-18 13:41:48.0,2020-11-18 13:41:42.0,,,,,0,,0,,14091086,,,,Contract,1095841,,0,,0,,2020-11-18 13:40:00.0,1,,,,,1095849,1095849,,,2020-11-18,2020-11-19
29332203,,,,,171798751945,7350009,31964200,,,2020-11-18 12:47:16.0,2020-11-18 12:48:17.0,2020-11-18 12:47:18.0,,,,,0,,0,,14074276,,,,Direct Placement,1361364,,0,,0,,2020-11-18 12:45:00.0,1,,,,,1251538,1251538,,,2020-11-18,2020-11-19
29331845,,,,,1304078398889,6802475,33049389,,,2020-11-18 12:23:23.0,2020-11-19 12:05:49.0,2020-11-19 12:05:48.0,,,,,0,2020-11-20 11:00:00.0,1,America/Chicago,14101466,,,,Direct Placement,1406154,,0,,0,,2020-11-18 12:22:00.0,1,,,,,1440691,1440691,,,2020-11-18,2020-11-19
29333785,,,,,215682686571,7920646,21009692,,,2020-11-18 14:29:23.0,2020-11-18 14:29:59.0,2020-11-18 14:29:24.0,,,,,0,,0,,14097982,,,,Right to Hire,1406154,,0,,0,,2020-11-18 14:28:00.0,1,,,,,1095632,1095632,,,2020-11-18,2020-11-19
29333943,,,,,181330219837,2191022,5188397,,,2020-11-18 14:38:07.0,2020-11-18 14:39:23.0,2020-11-18 14:38:08.0,,,,,0,,0,,14091098,,,,Contract,1095869,,0,,998,,,0,,,,,1451308,1451308,,,2020-11-18,2020-11-19
29333908,,,,,362467319880,7409670,31217795,,,2020-11-18 14:36:14.0,2020-11-18 14:36:35.0,2020-11-18 14:36:16.0,,,,,0,,0,,13999031,,,,Contract,1455993,,0,,0,,2020-11-18 14:35:00.0,1,,,,,1440691,1440691,,,2020-11-18,2020-11-19
29332921,,,,,9681485515820,2198273,25725531,,,2020-11-18 13:35:28.0,2020-11-18 13:36:38.0,2020-11-18 13:35:32.0,,,,,0,,0,,14087328,,,,Contract,1095841,,0,,0,,2020-11-18 13:30:00.0,1,,,,,1456117,1456117,,,2020-11-18,2020-11-19
29302090,,,,,12209741610544,7257703,27157335,,,2020-11-13 14:02:47.0,2020-11-18 11:06:04.0,2020-11-13 14:02:48.0,,,,,0,,0,,14081243,,,,Contract,1095869,,0,,0,,2020-11-13 14:01:00.0,1,,,,,1095869,1443218,,,2020-11-18,2020-11-19
29302732,,,,,5683001773628,2369151,28156713,,,2020-11-13 14:52:18.0,2020-11-18 14:34:02.0,2020-11-18 14:33:59.0,,,,,0,2020-11-18 17:30:00.0,1,America/Chicago,14076101,,,,Direct Placement,1104736,,0,,0,,2020-11-13 14:51:00.0,1,,,,,1424008,1424008,,,2020-11-18,2020-11-19
29303588,,,,,12100078875239,5479554,26792215,,,2020-11-13 15:53:57.0,2020-11-18 11:26:28.0,2020-11-18 11:26:28.0,,,,,0,2020-11-23 14:30:00.0,1,America/Chicago,14081105,,,,Direct Placement,1394817,,0,,0,,2020-11-13 15:53:00.0,1,,,,,1095632,1095632,,,2020-11-18,2020-11-19
29335480,85,65,Hourly,USD,10314625927461,2196789,26117720,1,USD,2020-11-18 15:59:56.0,2020-11-19 13:43:51.0,2020-11-19 13:43:51.0,2021-08-27 20:00:00.0,,,,1,,0,,13963184,IT,Dallas,Hourly,Right to Hire,1416294,,0,,0,2020-11-30 09:00:00.0,2020-11-18 15:58:00.0,1,,,,,1406388,1440691,,Subcontractor,2020-11-18,2020-11-19
29335677,,,,,11621342016226,7871993,33003570,,,2020-11-18 16:12:11.0,2020-11-18 16:13:14.0,2020-11-18 16:12:13.0,,,,,0,,0,,13858449,,,,Right to Hire,1441704,,0,,0,,2020-11-18 16:11:00.0,1,,,,,1445402,1445402,,,2020-11-18,2020-11-19
29334130,,,,,1572888841903,6920465,26462054,,,2020-11-18 14:48:18.0,2020-11-18 14:48:32.0,2020-11-18 14:48:21.0,,,,,0,,0,,14101773,,,,Contract,1416294,,0,,0,,2020-11-18 14:47:00.0,1,,,,,1424112,1424112,,,2020-11-18,2020-11-19
29335474,,,,,2163822,2190650,21283916,,,2020-11-18 15:59:25.0,2020-11-18 15:59:49.0,2020-11-18 15:59:27.0,,,,,0,,0,,14098301,,,,Contract,1394820,,0,,0,,2020-11-18 15:58:00.0,1,,,,,1443218,1443218,,,2020-11-18,2020-11-19
29334918,,,,,2163822,2196593,26476728,,,2020-11-18 15:32:29.0,2020-11-18 15:34:03.0,2020-11-18 15:32:32.0,,,,,0,,0,,14098301,,,,Contract,1394820,,0,,998,,,0,,,,,1450333,1450333,,,2020-11-18,2020-11-19
29336547,,,,,2844925511294,2193651,18414918,,,2020-11-18 16:57:52.0,2020-11-18 16:58:49.0,2020-11-18 16:57:53.0,,,,,0,,0,,13973406,,,,Right to Hire,1424113,,0,,0,,2020-11-18 16:57:00.0,1,,,,,1251538,1251538,,,2020-11-18,2020-11-19
29335589,,,,,11559405748807,5575645,26604193,,,2020-11-18 16:07:22.0,2020-11-18 16:08:11.0,2020-11-18 16:07:23.0,,,,,0,,0,,14057099,,,,Right to Hire,1104736,,0,,0,,2020-11-18 16:06:00.0,1,,,,,1403411,1403411,,,2020-11-18,2020-11-19
29335823,,,,,1181163,2369151,15753508,,,2020-11-18 16:20:30.0,2020-11-18 16:21:37.0,2020-11-18 16:20:32.0,,,,,0,,0,,14096887,,,,Contract,1104736,,0,,1,,2020-11-18 16:19:00.0,1,,,,,1440064,1440064,,,2020-11-18,2020-11-19
29336754,,,,,6722296978285,2191022,5188397,,,2020-11-18 17:06:34.0,2020-11-18 17:07:41.0,2020-11-18 17:06:36.0,,,,,0,,0,,14091098,,,,Contract,1095869,,0,,998,,,0,,,,,1451308,1451308,,,2020-11-18,2020-11-19
29336363,,,,,2275892991063,7960971,33116540,,,2020-11-18 16:48:49.0,2020-11-18 16:49:46.0,2020-11-18 16:48:52.0,,,,,0,,0,,14025364,,,,,1448851,,0,,1,,2020-11-18 16:48:00.0,1,,,,,1359813,1359813,,,2020-11-18,2020-11-19
29335365,,,,,10812849192196,6802475,33049389,,,2020-11-18 15:54:12.0,2020-11-18 15:54:57.0,2020-11-18 15:54:13.0,,,,,0,,0,,14096922,,,,Direct Placement,1406154,,0,,0,,2020-11-18 15:53:00.0,1,,,,,1424008,1424008,,,2020-11-18,2020-11-19
29337365,,,,,11112049076247,4754855,32729670,,,2020-11-18 17:32:44.0,2020-11-18 17:32:56.0,2020-11-18 17:32:46.0,,,,,0,2020-11-19 15:00:00.0,1,America/New_York,14012455,,,,Contract,1452961,,0,,0,,,0,,,,,1403411,1403411,,,2020-11-18,2020-11-19
29336148,,,,,2795935890225,6295863,17084793,,,2020-11-18 16:37:46.0,2020-11-18 16:37:52.0,2020-11-18 16:37:48.0,,,,,0,,0,,14102074,,,,Contract,1394820,,0,,0,,2020-11-18 16:37:00.0,1,,,,,1169137,1169137,,,2020-11-18,2020-11-19
29335173,,,,,6876391319076,7924862,32989831,,,2020-11-18 15:45:05.0,2020-11-18 15:45:41.0,2020-11-18 15:45:07.0,,,,,0,,0,,14096643,,,,Contract,1361364,,0,,0,,2020-11-18 15:44:00.0,1,,,,,1380008,1380008,,,2020-11-18,2020-11-19
29334937,,,,,12126807074682,2187879,21932805,,,2020-11-18 15:33:04.0,2020-11-18 15:34:16.0,2020-11-18 15:33:05.0,,,,,0,,0,,14098326,,,,Contract,1416848,,0,,0,,2020-11-18 15:32:00.0,1,,,,,1470277,1470277,,,2020-11-18,2020-11-19
29337611,,,,,522383391105,4754855,32729670,,,2020-11-18 17:43:05.0,2020-11-18 17:44:13.0,2020-11-18 17:43:07.0,,,,,0,2020-11-20 12:00:00.0,1,America/New_York,14012455,,,,Contract,1452961,,0,,0,,,0,,,,,1403411,1403411,,,2020-11-18,2020-11-19
29337419,,,,,8923262893169,4209652,31978092,,,2020-11-18 17:34:57.0,2020-11-18 17:35:14.0,2020-11-18 17:34:59.0,,,,,0,,0,,14079597,,,,Direct Placement,1455993,,0,,0,,2020-11-18 17:32:00.0,1,,,,,1459591,1459591,,,2020-11-18,2020-11-19
29334024,,,,,310852043514,2193702,28622801,,,2020-11-18 14:42:36.0,2020-11-18 14:43:06.0,2020-11-18 14:42:37.0,,,,,0,2020-11-19 16:00:00.0,1,America/Chicago,13989797,,,,Direct Placement,1096061,,0,,0,,,0,,,,,1424008,1424008,,,2020-11-18,2020-11-19
29337208,,,,,12227554176309,7342040,31040498,,,2020-11-18 17:26:01.0,2020-11-18 17:26:19.0,2020-11-18 17:26:03.0,,,,,0,,0,,13827946,,,,Direct Placement,1406154,,0,,0,,2020-11-18 17:25:00.0,1,,,,,1424008,1424008,,,2020-11-18,2020-11-19
29337291,,,,,6722296978285,3632551,8306599,,,2020-11-18 17:29:30.0,2020-11-18 17:30:23.0,2020-11-18 17:29:31.0,,,,,0,,0,,14091098,,,,Contract,1095869,,0,,0,,2020-11-18 17:28:00.0,1,,,,,1095849,1095849,,,2020-11-18,2020-11-19
29334234,,,,,3709979540652,7255187,30849424,,,2020-11-18 14:54:51.0,2020-11-18 17:27:32.0,2020-11-18 14:54:52.0,,,,,0,,0,,14091104,,,,Contract,1095841,,0,,0,,2020-11-18 14:54:00.0,1,,,,,1470052,1470052,,,2020-11-18,2020-11-19
29334183,,,,,181330219837,3632551,8306599,,,2020-11-18 14:51:56.0,2020-11-18 14:52:50.0,2020-11-18 14:51:59.0,,,,,0,,0,,14091098,,,,Contract,1095869,,0,,0,,2020-11-18 14:50:00.0,1,,,,,1095849,1095849,,,2020-11-18,2020-11-19
29337379,,,,,11970486873286,2369151,15753508,,,2020-11-18 17:33:24.0,2020-11-18 17:34:06.0,2020-11-18 17:33:26.0,,,,,0,,0,,14078495,,,,Contract,1104736,,0,,1,,2020-11-18 17:33:00.0,1,,,,,1108886,1108886,,,2020-11-18,2020-11-19
29336800,,,,,6232996067816,4754855,32729670,,,2020-11-18 17:08:10.0,2020-11-18 17:09:02.0,2020-11-18 17:08:12.0,,,,,0,2020-11-19 14:00:00.0,1,America/New_York,14012455,,,,Contract,1452961,,0,,0,,,0,,,,,1403411,1403411,,,2020-11-18,2020-11-19
29338303,,,,,12032648914543,4848241,33195428,,,2020-11-18 18:03:52.0,2020-11-18 18:04:26.0,2020-11-18 18:03:53.0,,,,,0,,0,,14094119,,,,Contract,1394820,,0,,1,,2020-11-18 18:03:00.0,1,,,,,1422281,1422281,,,2020-11-18,2020-11-19
29337438,,,,,354322640787,2187215,15485166,,,2020-11-18 17:35:42.0,2020-11-18 17:36:22.0,2020-11-18 17:35:43.0,,,,,0,2020-11-23 15:30:00.0,1,America/Chicago,14007509,,,,Right to Hire,1418854,,0,,1,,,0,,,,,1424112,1424112,,,2020-11-18,2020-11-19
29334156,,,,,163286433174,6920465,26462054,,,2020-11-18 14:49:54.0,2020-11-18 14:51:11.0,2020-11-18 14:49:55.0,,,,,0,,0,,14101773,,,,Contract,1416294,,0,,0,,2020-11-18 14:48:00.0,1,,,,,1424112,1424112,,,2020-11-18,2020-11-19
29307721,30,20,Hourly,USD,4780508256955,6569340,32974370,0,USD,2020-11-16 09:39:45.0,2020-11-19 13:34:06.0,2020-11-19 13:34:06.0,2021-05-31 20:00:00.0,,,,1,2020-11-16 12:30:00.0,1,America/Chicago,13996983,IT,HOUST,Hourly,Right to Hire,1361364,,0,,0,2020-11-17 09:00:00.0,,0,,,,,1459897,1419821,,,2020-11-18,2020-11-19
29339129,,,,,6605186093423,7255187,30849424,,,2020-11-18 18:39:19.0,2020-11-18 18:40:12.0,2020-11-18 18:39:20.0,,,,,0,,0,,14076830,,,,Contract,1095841,,0,,1,,2020-11-18 18:38:00.0,1,,,,,1422281,1422281,,,2020-11-18,2020-11-19
29339396,,,,,161276038766,7255187,30849424,,,2020-11-18 18:58:10.0,2020-11-18 19:17:31.0,2020-11-18 18:58:11.0,,,,,0,,0,,14091104,,,,Contract,1095841,,0,,0,,2020-11-18 18:53:00.0,1,,,,,1470052,1470052,,,2020-11-18,2020-11-19
29339799,,,,,8208792238587,2190650,21283916,,,2020-11-18 19:40:50.0,2020-11-18 19:41:07.0,2020-11-18 19:40:51.0,,,,,0,,0,,14098301,,,,Contract,1394820,,0,,0,,2020-11-18 19:40:00.0,1,,,,,1443218,1443218,,,2020-11-18,2020-11-19
29339863,,,,,11639443491286,4848241,27197519,,,2020-11-18 19:51:15.0,2020-11-18 19:51:47.0,2020-11-18 19:51:15.0,,,,,0,,0,,14093994,,,,Contract,1394820,,0,,1,,2020-11-18 19:49:00.0,1,,,,,1470277,1470277,,,2020-11-18,2020-11-19
29340028,,,,,7357760629456,2198273,20854498,,,2020-11-18 20:37:01.0,2020-11-18 20:37:53.0,2020-11-18 20:37:03.0,,,,,0,,0,,14011464,,,,Contract,1095841,,0,,0,,2020-11-18 20:35:00.0,1,,,,,1409440,1409440,,,2020-11-18,2020-11-19
29339947,,,,,4734526645933,4848241,27197519,,,2020-11-18 20:08:36.0,2020-11-18 20:09:46.0,2020-11-18 20:08:37.0,,,,,0,,0,,14093994,,,,Contract,1394820,,0,,1,,2020-11-18 20:07:00.0,1,,,,,1470277,1470277,,,2020-11-18,2020-11-19
29342090,,,,,3004404916960,7762355,31182713,,,2020-11-19 10:10:29.0,2020-11-19 10:11:38.0,2020-11-19 10:10:30.0,,,,,0,,0,,14024839,,,,Right to Hire,1455993,,0,,0,,2020-11-19 10:09:00.0,1,,,,,1459591,1459591,,,2020-11-18,2020-11-19
29343039,,,,,1988518284920,-1,5216772,,,2020-11-19 11:24:12.0,2020-11-19 11:25:34.0,2020-11-19 11:24:17.0,,,,,0,,0,,14097982,,,,Right to Hire,1406154,,0,,998,,,0,,,,,1447792,1447792,,,2020-11-18,2020-11-19
29339733,,,,,12103435546831,2187879,21932805,,,2020-11-18 19:30:32.0,2020-11-18 19:31:34.0,2020-11-18 19:30:33.0,,,,,0,,0,,14098326,,,,Contract,1416848,,0,,0,,2020-11-18 19:29:00.0,1,,,,,1470277,1470277,,,2020-11-18,2020-11-19
29342688,,,,,1316307145184,7954385,33071655,,,2020-11-19 10:58:23.0,2020-11-19 10:59:30.0,2020-11-19 10:58:25.0,,,,,0,,0,,14102589,,,,Contract,1406154,,0,,0,,2020-11-19 10:55:00.0,1,,,,,1445402,1445402,,,2020-11-18,2020-11-19
29342720,,,,,2456373,7221378,26475655,,,2020-11-19 11:01:29.0,2020-11-19 11:02:05.0,2020-11-19 11:01:30.0,,,,,0,,0,,14045313,,,,Contract,1095869,,0,,0,,2020-11-19 10:59:00.0,1,,,,,1169137,1169137,,,2020-11-18,2020-11-19
29342741,,,,,12231478813192,7968775,33171288,,,2020-11-19 11:02:35.0,2020-11-19 11:03:19.0,2020-11-19 11:02:37.0,,,,,0,,0,,14080643,,,,Direct Placement,1470013,,0,,0,,2020-11-19 10:52:00.0,1,,,,,1470013,1470013,,,2020-11-18,2020-11-19
29342697,,,,,1817126712827,7762355,31182713,,,2020-11-19 10:58:47.0,2020-11-19 10:59:34.0,2020-11-19 10:58:49.0,,,,,0,,0,,14024839,,,,Right to Hire,1455993,,0,,0,,2020-11-19 10:58:00.0,1,,,,,1459591,1459591,,,2020-11-18,2020-11-19
29341551,,,,,5820531966175,6901529,31118338,,,2020-11-19 09:23:33.0,2020-11-19 09:24:26.0,2020-11-19 09:23:35.0,,,,,0,,0,,13999098,,,,Contract,1104736,,0,,0,,2020-11-19 09:23:00.0,1,,,,,1460745,1460745,,,2020-11-18,2020-11-19
29342948,,,,,12209293158601,2196789,26117720,,,2020-11-19 11:17:21.0,2020-11-19 11:18:16.0,2020-11-19 11:17:24.0,,,,,0,,0,,13962871,,,,Right to Hire,1416294,,0,,0,,2020-11-19 11:16:00.0,1,,,,,1440691,1440691,,,2020-11-18,2020-11-19
